Номер закладу в АІКОМ,Повна назва закладу,Назва ТГ,Тип простору,Формат роботи,longitude,latitude,hromada id,region name,risk bucket
10466,Агрономічненський ліцей Агрономічної сільської ради Вінницького району Вінницького області,Агрономічна сільська,2026 НУШ,Очно,28.371761,49.1882,UA05020010000053508,Вінницька,Задовільний
8167,"Комунальний заклад ""Ліцей №2 селища Стрижавка Вінницького району Вінницької області",Стрижавська селищна,2026 НУШ,Очно,28.496561050415043,49.31784206286486,UA05020230000029909,Вінницька,Задовільний
6266,Ліцей №3 Калинівської міської ради Вінницької області,Калинівська міська,2026 НУШ,Очно,28.525804,49.433947,UA05120070000075759,Вінницька,Задовільний
11370,Городківський ліцей №1 Городківської сільської ради Тульчинського району Вінницької області,Городківська сільська,2026 НУШ,Очно,28.695595,48.367321,UA05100050000038768,Вінницька,Високий
17322,"ОЗЗСО ""Затурцівський ліцей ім.В.К.Липинського"" Затурцівської сільської ради Володимирського району Волинської області",Затурцівська сільська,2026 НУШ,Очно,24.837358,50.780514,UA07020030000052032,Волинська,Задовільний
17194,Цуманський ліцей Цуманської селищної ради Волинської області,Цуманська селищна,2026 НУШ,Очно,25.884775,50.834496,UA07080290000088287,Волинська,Задовільний
17325,"ОЗЗСО ""Локачинський ліцей"" Локачинської селищної ради Володимирського району Волинської області",Локачинська селищна,2026 НУШ,Очно,24.6496421,50.74032159999999,UA07020110000037373,Волинська,Задовільний
17157,Опорний заклад загальної середньої освіти Раково-Ліський ліцей,Камінь-Каширська міська,2026 НУШ,Очно,24.9212799,51.6218817,UA07040010000033507,Волинська,Високий
17562,Нововолинський ліцей №8 Нововолинської міської ради Волинської області,Нововолинська міська,2026 НУШ,Очно,24.17927,50.724256,UA07020130000036300,Волинська,Задовільний
3315,Знаменівський ліцей Піщанської сільської ради Самарівського району Дніпропетровської області,Піщанська сільська,2026 НУШ,Очно,35.45067062946192,48.62943412957929,UA12100110000043499,Дніпропетровська,Високий
3031,Криворізький ліцей№81 Криворізької міської ради,Криворізька міська,2026 НУШ,Очно,33.444835,47.936173,UA12060170000091033,Дніпропетровська,Високий
2951,Дніпровський ліцей №97 Дніпровської міської ради,Дніпровська міська,2026 НУШ,Очно,34.918117,48.479477,UA12020010000033698,Дніпропетровська,Високий
3422,"Комунальний заклад ""Ліцей №39"" Кам'янської міської ради",Камʼянська міська,2026 НУШ,Очно,34.570173,48.601793,UA12040150000015189,Дніпропетровська,Високий
3004,Криворізький ліцей 119Криворізької міської ради,Криворізька міська,2026 НУШ,Очно,33.443712,47.955842,UA12060170000091033,Дніпропетровська,Високий
16834,Гришковецький ліцей Гришковецької селищної ради Бердичівського району Житомирської області,Гришковецька селищна,2026 НУШ,Очно,28.60572307904403,49.92923460185865,UA18020070000083539,Житомирська,Задовільний
15993,Ружинський ліцей Ружинської селищної ради Житомирської області,Ружинська селищна,2026 НУШ,Очно,29.203188,49.720932,UA18020130000096761,Житомирська,Задовільний
15690,Ліцей №34 міста Житомира,Житомирська міська,2026 НУШ,Очно,28.689091,50.251127,UA18040190000029215,Житомирська,Помірний
15965,Миропільський ліцей Житомирської області,Миропільська міська,2026 НУШ,Очно,27.713098,50.107165,UA18040310000093693,Житомирська,Задовільний
15613,Ліцей № 4 м. Бердичева Житомирської області,Бердичівська міська,2026 НУШ,Очно,28.593232,49.888316,UA18020030000035625,Житомирська,Помірний
15575,Андрушівський ліцей №2 Андрушівської міської ради Бердичівського району Житомирської області,Андрушівська міська,2026 НУШ,Очно,29.017794,50.014123,UA18020010000059904,Житомирська,Задовільний
15651,Іршанський ліцей Житомирської області,Іршанська селищна,2026 НУШ,Очно,28.7190171,50.749133,UA18060070000095797,Житомирська,Помірний
15837,Ліцей № 1 імені Лесі Українки Звягельської міської ради,Звягельська міська,2026 НУШ,Очно,27.615514,50.594408,UA18080150000022496,Житомирська,Помірний
19122,"Лазещинський заклад загальної середньої освіти І - ІІІ ступенів, Ясінянської селищної ради, Рахівського району Закарпатської області",Ясінянська селищна,2026 НУШ,Очно,24.414817,48.273857,UA21060070000049340,Закарпатська,Задовільний
18717,Великолазівський ліцей Баранинської сільської ради Закарпатської області,Баранинська сільська,2026 НУШ,Очно,22.382963,48.55818,UA21100010000070243,Закарпатська,Задовільний
19222,Ганичівський опорний заклад загальної середньої освіти І-ІІІ ступенів Нересницької сільської ради Тячівського району Закарпатської області,Нересницька сільська,2026 НУШ,Очно,23.839177,48.125407,UA21080090000024861,Закарпатська,Задовільний
19178,Солотвинський ліцей-інтернат з румунською мовою навчання імені М.Емінеску Солотвинської селищної ради Тячівського району Закарпатської області,Соловинська селищна,2026 НУШ,Очно,23.875585,47.94892,UA21080110000054940,Закарпатська,Задовільний
19115,Верхньоводянський заклад загальної середньої освіти І-ІІІ ступенів №1 Великобичківської селищної ради Рахівської району Закарпатської області,Великобичківська селищна,2026 НУШ,Очно,23.952445,48.002755,UA21060030000020114,Закарпатська,Задовільний
19268,Ужгородський ліцей імені Августина Волошина Ужгородської міської ради Закарпатської області,Ужгородська міська,2026 НУШ,Очно,22.2777412,48.60562729999999,UA21100230000083101,Закарпатська,Задовільний
19233,"Нижньоапшанський ліцей """"Апша""""
Солотвинської селищної ради Тячівського району Закарпатської
області",Солотвинська селищна,2026 НУШ,Очно,23.826133,48.000283,UA21080110000054940,Закарпатська,Задовільний
703,"Ліцей ""Всесвіт"" Матвіївської сільської ради",Матвіївська сільська,2026 НУШ,Очно,35.313519,47.907878,UA23060130000058533,Запорізька,Дуже високий
1642,"Запорізький академічний ліцей ""Елінт"" Запорізької міської ради",Запорізька міська,2026 НУШ,Очно,35.070238,47.889851,UA23060070000082704,Запорізька,Дуже високий
1586,Запорізький академічний ліцей №6 Запорізької міської ради,Запорізька міська,2026 НУШ,Очно,35.223284,47.776694,UA23060070000082704,Запорізька,Дуже високий
11314,Ворохтянський ліцей Ворохтянської селищної ради Надвірнянського району Івано-Франківської області,Ворохтянська селищна,2026 НУШ,Очно,24.56623220430629,48.28894557771107,UA26120010000096774,Івано-Франківська,Помірний
11032,Делятинський ліцей №1 Делятинської селищної ради,Делятинська селищна,2026 НУШ,Очно,24.625229,48.52712,UA26120030000018265,Івано-Франківська,Задовільний
10824,Ліцей №2 Івано-Франківської міської ради,Івано-Франківська міська,2026 НУШ,Очно,24.694391,48.905678,UA26040190000081578,Івано-Франківська,Помірний
10914,"Коломийський ліцей  ""Коломийська гімназія імені Михайла Грушевського""  Коломийськоі міськоі ради Івано-Франківськоі області",Коломийська міська,2026 НУШ,Очно,25.0361627,48.53147509999999,UA26080070000092582,Івано-Франківська,Задовільний
15021,"Білоцерківський академічний ліцей ""Колегіум"" Білоцерківської міської ради Київської області",Білоцерківська міська,2026 НУШ,Очно,30.086232,49.811946,UA32020010000093088,Київська,Високий
22258,"Комунальний заклад Київської обласної ради ""Фастівський обласний ліцей""",Фастівська міська,2026 НУШ,Очно,29.9443809,50.0822587,UA32140150000040954,Київська,Помірний
21539,"Опорний заклад освіти ""Баришівський ліцей"" Баришівської селищної ради",Баришівська сільська,2026 НУШ,Очно,31.3221958,50.3645082,UA32060010000086043,Київська,Помірний
22233,Шпитьківський академічний ліцей «Скіф» Дмитрівської сільської ради Бучанського району Київської області,Дмитрівська сільська,2026 НУШ,Очно,30.122569,50.414913,UA32080130000056481,Київська,Помірний
5507,"Опорний заклад освіти ""Васильківський академічний ліцей ""Успіх"" Васильківської міської ради Київської області",Васильківська міська,2026 НУШ,Очно,30.30896,50.183054,UA32120030000030458,Київська,Високий
21841,"Опорний заклад освіти ""Бишівський академічний ліцей"" Бишівської сільської ради Фастівського району Київської області",Бишівська сільська,2026 НУШ,Очно,29.881847,50.267102,UA32140010000049369,Київська,Помірний
21806,Ліцей №1 Гостомельської селищної ради Бучанського району Київської області,Гостомельська селищна,2026 НУШ,Очно,30.26717,50.5676,UA32080110000056605,Київська,Помірний
21697,"Опорний заклад освіти ""Калинівський академічний ліцей - освітній центр""",Калинівська селищна,2026 НУШ,Очно,30.23767,50.220457,UA32140090000085800,Київська,Помірний
21685,Броварський ліцей №10 Броварської міської ради Броварського району Київської області,Броварська міська,2026 НУШ,Очно,30.798201,50.521893,UA32060050000030591,Київська,Високий
21569,"Бориспільський ліцей ""Перспектива імені Володимира Мономаха",Бориспільська міська,2026 НУШ,Очно,30.961829,50.346294,UA32040010000010116,Київська,Високий
21811,Коцюбинський ліцей №1 Коцюбинської селищної ради Бучанського району,Коцюбинська селищна,2026 НУШ,Очно,30.330331,50.49239,UA32080170000086616,Київська,Високий
15013,"Білоцерківський академічний ліцей ""Вектор""-гімназія N18 Білоцерківської міської ради Київської області",Білоцерківська міська,2026 НУШ,Очно,30.120646,49.792846,UA32020010000093088,Київська,Високий
21592,"Опорний заклад освіти ""Щасливський академічний ліцей"" Пристоличної сільської ради Бориспільського району Київської області",Пристолична сільська,2026 НУШ,Очно,30.7969553,50.3793095,UA32040130000049927,Київська,Помірний
14059,Смолінський ліцей №2 Смолінської селищної ради Кіровоградської області,Смолінська селищна,2026 НУШ,Очно,31.316442489624027,48.6021548839966,UA35060230000086264,Кіровоградська,Помірний
13958,"Комунальний заклад ""Ліцей ""Максимум"" Кропивницької міської ради""",Кропивницька міська,2026 НУШ,Очно,32.266182,48.508393,UA35040210000014072,Кіровоградська,Помірний
13783,"Комунальний заклад ""Бобринецький ліцей №1"" Бобринецької міської ради Кіровоградської області",Бобринецька міська,2026 НУШ,Очно,32.16307631797082,48.05409599219202,UA35040030000074104,Кіровоградська,Помірний
13910,"Комунальний заклад ""Ліцей ""Інтелект"" Долинської міської ради""",Долинська міська,2026 НУШ,Очно,32.7658685,48.1132559,UA35040110000055821,Кіровоградська,Високий
14248,"Комунальний заклад ""Ліцей ""Перспектива"" Світловодської міської ради""",Світловодська міська,2026 НУШ,Очно,33.2047497,49.0536736,UA35080170000077673,Кіровоградська,Помірний
12304,Бориславський ліцей Бориславської міської ради Львівської області,Бориславська міська,2026 НУШ,Очно,23.425484,49.287902,UA46020010000073886,Львівська,Задовільний
12707,Заклад загальної середньої освіти І-ІІІ ступенів сщ. Новий Яричів,Новояричівська селищна,2026 НУШ,Очно,24.306974,49.901941,UA46060290000052876,Львівська,Задовільний
12855,Середня загальноосвітня школа №99 м. Львова,Львівська міська,2026 НУШ,Очно,24.052068,49.869455,UA46060250000025047,Львівська,Високий
12755,Ліцей № 52 Львівської міської ради,Львівська міська,2026 НУШ,Очно,24.016055,49.841183,UA46060250000025047,Львівська,Високий
13215,"Опорний заклад освіти ""Сколівська академічна гімназія при Національному університеті ""Львівська політехніка"" імені Героя України Героя Небесної сотні Олега Ушневича"" Сколівської міської ради",Сколівська міська,2026 НУШ,Очно,23.51228,49.039727,UA46100190000081766,Львівська,Помірний
12745,"Львівська лінгвістична гімназія
Львівської міської ради
Львівської області",Львівська міська,2026 НУШ,Очно,24.031461,49.832084,UA46060250000025047,Львівська,Високий
13217,Славський заклад загальної середньої освіти І-ІІІ ступенів Славської селищної ради Стрийського району Львівської області,Славська селищна,2026 НУШ,Очно,23.449811,48.850337,UA46100210000027970,Львівська,Задовільний
12305,Бродівська гімназія імені Івана Труша Бродівської міської ради Львівської області,Бродівська міська,2026 НУШ,Очно,25.150501,50.082727,UA46040010000033885,Львівська,Задовільний
12761,"Загальноосвітня середня школа І-ІІІ ступенів ""Лідер"" з різними формами навчання",Львівська міська,2026 НУШ,Очно,24.0587396,49.8362681,UA46060250000025047,Львівська,Високий
12805,СЗШ 84 імені Блаженної Йосафати Гордашевської,Львівська міська,2026 НУШ,Очно,24.059354,49.798021,UA46060250000025047,Львівська,Високий
1281,Вознесенський ліцей №8 Вознесенської міської ради Миколаївської області,Вознесенська міська,2026 НУШ,Очно,31.3227851,47.5962147,UA48040070000056126,Миколаївська,Високий
14979,"Комунальний заклад ""Опорний заклад ""Кодимський ліцей № 1"" Кодимської міської ради Подільського району Одеської області",Кодимська міська,2026 НУШ,Очно,29.125942,48.09987,UA51120090000035170,Одеська,Дуже високий
22143,Одеський ліцей № 81 Одеської міської ради,Одеська міська,2026 НУШ,Очно,30.752377,46.424213,UA51100270000073549,Одеська,Високий
16719,Одеський ліцей № 13 Одеської міської ради,Одеська міська,2026 НУШ,Очно,30.788858,46.577836,UA51100270000073549,Одеська,Високий
15530,Ліцей №4 імені В'ячеслава Чорновола Південнівської міської ради Одеського району Одеської області,Південнівська міська,2026 НУШ,Очно,31.100915,46.624348,UA51100410000059549,Одеська,Дуже високий
16693,"Ліцей ""Лідер"" міста Білгорода-Дністровського Одеської області",Білгород-Дністровська міська,2026 НУШ,Очно,30.3450754,46.1884689,UA51040010000016896,Одеська,Високий
15256,Великодальницькиий ліцей №1 Великодальницької сільської ради Одеського району Одеської області,Великодальницька сільська,2026 НУШ,Очно,30.562474,46.469877,UA51100050000066202,Одеська,Високий
15480,"Молодіжненський ліцей Великодолинської селищної ради Одеського району Одеської
області",Великодолинська селищна,2026 НУШ,Очно,30.6136859,46.3093529,UA51100070000063635,Одеська,Високий
20549,Академічний ліцей імені братів Шеметів Лубенської міської ради Лубенського району Полтавської області,Лубенська міська,2026 НУШ,Очно,32.99186,50.018835,UA53040030000088898,Полтавська,Помірний
21513,Гадяцький профільний ліцей імені Т. Г. Шевченка Полтавської обласної ради,Гадяцька міська,2026 НУШ,Очно,33.987795,50.369672,UA53060090000098426,Полтавська,Високий
20723,"Ліцей #17 ""Інтелект"" Полтавської міської ради",Полтавська міська,2026 НУШ,Очно,34.582345,49.56789,UA53080370000025447,Полтавська,Високий
13729,Сарненський ліцей№5 Сарненської міської ради Сарненського району Рівненської області,Сарненська міська,2026 НУШ,Очно,26.619687,51.336163,UA56080170000055864,Рівненська,Високий
13799,Опорний заклад загальної середньої освіти «Степанський ліцей» Степанської селищної ради Сарненського району Рівненської області,Степанська селищна,2026 НУШ,Очно,32.051054,48.02147,UA35040170000065192,Кіровоградська,Помірний
16336,Здолбунівський ліцей №2 Здолбунівської міської ради Рівненської області,Здолбунівська міська,2026 НУШ,Очно,26.2510139,50.5243145,UA56060250000052338,Рівненська,Задовільний
16562,Рівненський ліцей #13 Рівненської міської ради,Рівненська міська,2026 НУШ,Очно,26.271904,50.633869,UA56060470000086729,Рівненська,Помірний
16599,Зорянський ліцей Зорянської сільської ради Рівненського району Рівненської області,Зорянська сільська,2026 НУШ,Очно,26.0269203,50.7252343,UA56060270000047362,Рівненська,Задовільний
16285,Дубровицький ліцей №2 Дубровицької міської ради,Дубровицька міська,2026 НУШ,Очно,26.556383,51.567854,UA56080070000040721,Рівненська,Дуже високий
14565,Недригайлівський ліцей Недригайлівської селищної ради,Недригайлівська селищна,2026 НУШ,Очно,33.87396097183228,50.83313356160109,UA59060090000012687,Сумська,Дуже високий
14482,"Опорний заклад ""Кролевецький ліцей №3""",Кролевецька міська,2026 НУШ,Очно,33.3678323858485,51.55150338091497,UA59020090000085438,Сумська,Дуже високий
18033,Збаразький ліцей № 1 Збаразької міської ради Тернопільської області,Збаразька міська,2026 НУШ,Очно,25.7772613,49.6689414,UA61040150000098181,Тернопільська,Задовільний
18198,Опорний заклад Почаївська загальноосвітня школа І-ІІІ ступенів Почаївської міської ради Тернопільської області,Почаївська міська,2026 НУШ,Очно,25.511202,49.998972,UA61020130000037505,Тернопільська,Задовільний
17914,Ліцей №1 м.Хоростків Хоростківської міської ради Тернопільської області,Хоростківська міська,2026 НУШ,Очно,25.921067,49.211176,UA61060410000092242,Тернопільська,Задовільний
18058,Зборівський ліцей ім.Романа Завадовича Зборівської міської ради Тернопільського району Тернопільської області,Зборівська міська,2026 НУШ,Очно,25.141526,49.664911,UA61040170000086062,Тернопільська,Задовільний
18436,"Тернопільський навчально-виховний комплекс ""Загальноосвітня школа І-ІІІ ступенів-медичний ліцей №15 імені Лесі Українки"" Тернопільської міської ради Тернопільської області",Тернопільська міська,2026 НУШ,Очно,25.628019,49.544648,UA61040490000035010,Тернопільська,Високий
18192,Кременецький академічний ліцей імені У.Самчука Кременецької міської ради Тернопільської області,Кременецька міська,2026 НУШ,Очно,25.719873905181885,50.09725587478775,UA61020070000092368,Тернопільська,Задовільний
18440,Тернопільська загальноосвітня школа І-ІІІ ст. №19 Тернопільської міської ради Тернопільської області,Тернопільська міська,2026 НУШ,Очно,25.642122,49.559335,UA61040490000035010,Тернопільська,Високий
18492,Комунальний заклад Мишковицький ліцей Великоберезовицької селищної ради Тернопільської області,Великоберезовицька селищна,2026 НУШ,Очно,25.60507535934449,49.45288709335876,UA61040070000079091,Тернопільська,Задовільний
11952,Савинський ліцей Савинської селищної ради Ізюмського району Харківської області,Савинська селищна,2026 НУШ,Очно,37.0548185,49.3967749,UA63040150000053402,Харківська,Дуже високий
11825,"Комунальний заклад ""Кегичівський ліцей"" Кегичівської селищної ради",Кегичівська міська,2026 НУШ,Очно,35.761817693710334,49.2929451105985,UA63060030000041642,Харківська,Високий
12020,Берестинський ліцей № 4 Берестинської міської ради Харківської області,Берестинська міська,2026 НУШ,Очно,35.45857,49.368603,UA63060050000033240,Харківська,Високий
11651,"комунальний заклад ""Харківський ліцей № 138 Харківської міської ради""",Харківська міська,2026 НУШ,Очно,36.351406,49.992851,UA63120270000028556,Харківська,Дуже високий
11649,"комунальний заклад ""Харківський ліцей №124 Харківської міської ради""",Харківська міська,2026 НУШ,Очно,36.347256,50.025421,UA63120270000028556,Харківська,Дуже високий
12174,"Комунальний заклад "" Златопільський ліцей № 5 Златопільської міської ради Харківської області",Златопільська міська,2026 НУШ,Очно,36.21948544098208,49.3993404223331,UA63100090000052019,Харківська,Дуже високий
11629,"Комунальний заклад ""Харківський ліцей № 3 Харківської міської ради""",Харківська міська,2026 НУШ,Очно,36.273953,49.98743,UA63120270000028556,Харківська,Дуже високий
8894,Старокостянтинівська загальноосвітня школа І-ІІІ ст.  №1 Старокостянтинівської міської ради Хмельницької  області,Старокостянтинівська міська,2026 НУШ,Очно,27.21194386482239,49.75627637107373,UA68040390000011141,Хмельницька,Задовільний
8889,Славутський ліцей Славутської міської ради,Славутська міська,2026 НУШ,Очно,26.866131,50.295607,UA68060270000042174,Хмельницька,Помірний
4006,Буцький ліцей Буцької селищної ради Черкаської області,Буцька селищна,2026 НУШ,Очно,30.4050589,49.0945366,UA71060050000056084,Черкаська,Задовільний
1920,Ладижинський ліцей Ладижинської сільської ради Уманського району Черкаської області,Ладижинська сільська,2026 НУШ,Очно,30.238083,48.542208,UA71060130000099511,Черкаська,Помірний
3962,Білозірський ліцей - опорний заклад загальної середньої освіти Білозірської сільської ради Черкаського району Черкаської області,Білозірська сільська,2026 НУШ,Очно,31.896319,49.295758,UA71080050000028174,Черкаська,Помірний
4508,"Уманський ліцей № 3 Уманської
міської ради Черкаської області",Уманська міська,2026 НУШ,Очно,30.216345191001896,48.73130990187817,UA71060210000032972,Черкаська,Високий
11846,Навчально-виховний комплекс «Загальноосвітня школа І-ІІІ ступенів №3-колегіум» Смілянської міської ради Черкаської області,Смілянська міська,2026 НУШ,Очно,37.14756826473482,49.29204945339275,UA63040090000021240,Харківська,Дуже високий
3939,Золотоніська загальноосвітня школа І-ІІІ ступенів №3 Золотоніської міської ради Черкаської області,Золотоніська міська,2026 НУШ,Очно,32.051898,49.66837,UA71040090000047664,Черкаська,Помірний
4477,Канівська загальноосвітня школа І-ІІІ ступенів №4 Канівської міської ради Черкаської області,Канівська міська,2026 НУШ,Очно,31.476581,49.749933,UA71080150000071745,Черкаська,Помірний
6053,"Опорний заклад ""Мигівський ліцей"" Берегометської селищної ради Вижницького району Чернівецької області",Берегометська селищна,2026 НУШ,Очно,25.355281,48.178173,UA73020030000022011,Чернівецька,Задовільний
5972,"Чернівецький ліцей №12 ""Ювілейний"" Чернівецької міської ради",Чернівецька міська,2026 НУШ,Очно,25.930958,48.289237,UA73060610000066784,Чернівецька,Задовільний
5901,Красноїльський ліцей імені Алєксандру Ілскі Красноїльської селищної ради Чернівецького району Чернівецької області,Красноїльська селищна,2026 НУШ,Очно,25.587181,48.014805,UA73060330000039245,Чернівецька,Помірний
5751,Великокучурівський заклад загальної середньої освіти І-ІІІ ступенів імені В.Бузенка Великокучурівської сільської ради Чернівецького району Чернівецької області,Великокучурівська сільська,2026 НУШ,Очно,25.907745,48.214322,UA73060050000034325,Чернівецька,Задовільний
5668,Іспаський опорний ліцей ім. Миколи Марфієвича Вижницької міської ради Вижницького району Чернівецької області,Вижницька міська,2026 НУШ,Очно,25.274011,48.306038,UA73020090000031499,Чернівецька,Задовільний
21395,Козелецький ліцей №3 Козелецької селищної ради,Козелецька селищна,2026 НУШ,Очно,31.132877,50.907266,UA74100190000086457,Чернігівська,Високий
21194,"Комунальний заклад ""Ладанський ліцей"" Ладанської селищної ради Прилуцького району Чернігівської області",Ладанська селищна,2026 НУШ,Очно,32.585848,50.517884,UA74080050000033938,Чернігівська,Помірний
21222,Ріпкинський ліцей Ріпкинської селищної ради,Ріпкинська селищна,2026 НУШ,Очно,31.079625,51.800352,UA74100330000029082,Чернігівська,Дуже високий
2458,Куликівський ліцей Куликівської селищної ради Чернігівського району Чернігівської області,Куликівська селищна,2026 НУШ,Очно,31.643515,51.374647,UA74100210000053397,Чернігівська,Дуже високий
21096,Ніжинський ліцей Ніжинської міської ради Чернігівської області при Ніжинському державному університеті імені Миколи Гоголя,Ніжинська міська,2026 НУШ,Очно,31.879422,51.046375,UA74040250000063494,Чернігівська,Високий
21393,"Деснянський ліцей Деснянської
селищної ради",Деснянська селищна,2026 НУШ,Очно,30.772131,50.926153,UA74100070000057810,Чернігівська,Дуже високий
21288,Чернігівський ліцей № 1 Чернігівської міської ради,Чернігівська міська,2026 НУШ,Очно,31.289444,51.496346,UA74100390000073425,Чернігівська,Високий
7913,"Опорний заклад загальної середньої освіти ""Академічний"" Краматорської міської ради Донецької області",Краматорська міська,2026 НУШ,Дистанційно,37.58910913570125,48.73533988915479,UA14120090000098500,Донецька,Дуже високий
10136,"
Ліцей № 2 Покровської міської ради Донецької області",Покровська міська,2026 НУШ,Дистанційно,37.18951054944492,48.260221398156986,UA14160210000011148,Донецька,Непереборний
846,"Комунальний заклад загальної середньої освіти ""Балабинський ліцей ""Престиж"" Кушугумської селищної ради Запорізького району Запорізької області",Кушугумська селищна,2026 НУШ,Дистанційно,35.220229,47.745118,UA23060110000049870,Запорізька,Дуже високий
938,"Бердянський ліцей ""Сузір'я"" Бердянської міської ради Запорізької області",Бердянська міська,2026 НУШ,Дистанційно,36.768476,46.768236,UA23060070000082704,Запорізька,Дуже високий
14721,"Комунальна установа Сумська спеціалізована школа І-ІІІ ступенів №9, м. Суми, Сумської області",Сумська міська,2026 НУШ,Дистанційно,34.808289,50.901063,UA59080270000073662,Сумська,Дуже високий
6072,"Комунальний заклад ""Буковинський ліцей успішної молоді""",Чернівецька міська територіальна громада,2025 передпілот,Очно,25.970421,48.2817,UA73060610000066784,Чернівецька,Задовільний
23140,Український гуманітірний ліцей КНУ імені Тараса Шевченка,Київська міська територіальна громада,2025 передпілот,Очно,30.52726,50.442009,UA80000000000093317,Київ,Високий
19280,Хустський багатопрофільний ліцей № 1 імені Івана Магули,Хустська міська територіальна громада,2025 передпілот,Очно,23.293495,48.175138,UA21120250000077532,Закарпатська,Задовільний
22209,Боярський академічний ліцей «Гармонія» Боярської міської ради,Боярська міська територіальна громада,2025 передпілот,Очно,30.279441,50.336762,UA32140030000074165,Київська,Високий
22087,Фастівський академічний ліцей № 9 Фастівської міської ради Київської області,Фастівська міська територіальна громада,2025 передпілот,Очно,29.927868,50.080345,UA32140150000040954,Київська,Помірний
17958,Заліщицька державна гімназія,Заліщицька міська територіальна громада,2025 передпілот,Очно,25.732144,48.6469318,UA61060170000051011,Тернопільська,Задовільний
8854,Комунальний заклад «Вінницький технічний ліцей»,Вінницька міська територіальна громада,2025 передпілот,Очно,28.476756,49.232388,UA05020030000031457,Вінницька,Помірний
3248,КЗО «Криворізький ліцей «Колія» ДОР,Криворізька міська територіальна громада,2025 передпілот,Очно,33.468604,48.01871,UA12060170000091033,Дніпропетровська,Високий
23337,Ліцей № 107 «Введенський» Подільського району м. Києва,Київська міська територіальна громада,2025 передпілот,Очно,30.512985,50.472902,UA80000000000093317,Київ,Високий
789,Комунальний заклад «Запорізька спеціалізована школа-інтернат ІІ-ІІІ ступенів «Козацький ліцей» Запорізької обласної ради,Запорізька міська територіальна громада,2025 передпілот,Очно,35.0567207,47.8784736,UA23060070000082704,Запорізька,Дуже високий
15027,Балтський ліцей № 1 імені Олеся Гончара Балтської міської ради Одеської області,Балтська міська територіальна громада,2025 передпілот,Очно,29.61546313538881,47.93801004907172,UA51120030000075494,Одеська,Високий
7343,Ліцей імені Олександра Цинкаловського Володимирської міської ради,Володимирська міська територіальна громада,2025 передпілот,Очно,24.325363,50.843415,UA07020010000096841,Волинська,Помірний
13552,Ліцей імені Тараса Городецького Шептицької міськоі ради,Шептицька міська територіальна громада,2025 передпілот,Очно,24.2480493,50.3984994,UA46120130000026331,Львівська,Задовільний
9248,Красилівський ліцей Красилівської міської ради Хмельницької області,Красилівська міська територіальна громада,2025 передпілот,Очно,26.9686993,49.6580202,UA68040210000089917,Хмельницька,Задовільний
15672,Ліцей № 12 міста Житомира ім. С. Ковальчука,Житомирська міська територіальна громада,2025 передпілот,Очно,28.668385,50.250989,UA18040190000029215,Житомирська,Помірний
4097,Смілянська ЗОШ І-ІІІ ступенів 11 Смілянської міської ради Черкаської області,Смілянська міська територіальна громада,2025 передпілот,Очно,31.87301121651329,49.19959741873684,UA71080390000078978,Черкаська,Помірний
10676,Бурштинський ліцей імені Ольги Басараб,Бурштинська міська територіальна громада,2025 передпілот,Очно,24.629173,49.251621,UA26040070000065724,Івано-Франківська,Задовільний
24355,Тернопільський академічний ліцей «Українська гімназія» ім. І. Франка Тернопільської міської ради,Тернопільська міська територіальна громада,2025 передпілот,Очно,25.5973922,49.5551572,UA61040490000035010,Тернопільська,Високий
13417,Стрийський ліцей імені Андрія Корчака,Стрийська міська територіальна громада,2025 передпілот,Очно,23.855860233416028,49.26012638024562,UA46100230000047305,Львівська,Задовільний
13429,Стрийський ліцей «Гімназія імені Андрея Шептицького»,Стрийська міська територіальна громада,2025 передпілот,Очно,23.8408209,49.2513452,UA46100230000047305,Львівська,Задовільний
16445,Вараський ліцей № 1 Вараської міської ради,Вараська міська територіальна громада,2025 передпілот,Очно,25.84843754768372,51.34281401114479,UA56020030000068439,Рівненська,Помірний
13977,КЗ «Ліцей «Європейська освіта» Кропивницької міської ради,Кропивницька міська територіальна громада,2025 передпілот,Очно,32.267737,48.540586,UA35040210000014072,Кіровоградська,Помірний
4409,Первомайський ліцей «Лідер» Первомайської міської ради Миколаївської області,Первомайська міська територіальна громада,2025 передпілот,Очно,30.856304,48.043372,UA48080130000028458,Миколаївська,Помірний
3055,Криворізький Покровський ліцей,Криворізька міська територіальна громада,2025 передпілот,Очно,33.479169,48.008849,UA12060170000091033,Дніпропетровська,Високий
22858,Ліцей «Голосіївський» № 241 м. Києва,Київська міська територіальна громада,2025 передпілот,Очно,30.551793,50.334629,UA80000000000093317,Київ,Високий
23331,Ліцей № 34 імені Віктора Максименка Подільського району м. Києва,Київська міська територіальна громада,2025 передпілот,Очно,30.433871,50.511216,UA80000000000093317,Київ,Високий
22509,"КЗ ""Чернігівський обласний науковий ліцей""",Чернігівська міська територіальна громада,2025 передпілот,Очно,31.286552,51.496222,UA74100390000073425,Чернігівська,Високий
11322,"Ліцей №1 міста Могилева-Подільського, Могилів-Подільської міської ради Вінницької області",Могилів-Подільська міська територіальна громада,2025 STEM,Очно,27.798007,48.449355,UA05080050000023603,Вінницька,Задовільний
8176,Комунальний заклад «Жмеринський ліцей №4»,Жмеринська,2025 STEM,Очно,28.110451698303223,49.03612363237144,UA05060050000058111,Вінницька,Задовільний
8852,КОМУНАЛЬНИЙ ЗАКЛАД «ВІННИЦЬКИЙ ЛІЦЕЙ № 35»,Вінницька міська територіальна громада,2025 STEM,Очно,28.399582,49.231459,UA05020030000031457,Вінницька,Помірний
7202,Іллінецький ліцей №2 Іллінецької міської ради Вінницької області,Іллінецька,2025 STEM,Очно,29.201418,49.104554,UA05020090000067118,Вінницька,Задовільний
7811,Ліцей №4 Ладижинської міської ради Вінницької області,Ладижинська міська територіальна громада,2025 STEM,Очно,29.232563,48.680436,UA05040130000025322,Вінницька,Високий
7737,Ліцей №3 м. Хмільника Вінницької області,Хмільницька міська територіальна громада,2025 STEM,Очно,27.948655,49.563689,UA05120170000013778,Вінницька,Задовільний
16976,Волинський науковий ліцей Волинської обласної ради,Луцька міська  територіальна громада,2025 STEM,Очно,25.324613,50.775029,UA07080170000013585,Волинська,Помірний
17148,Заклад загальної середньої освіти «Камінь-Каширський ліцей» №2  Камінь-Каширської міської ради Волинської області,Камінь-Каширська,2025 STEM,Очно,24.946296,51.629774,UA07040010000033507,Волинська,Високий
17562,Нововолинський ліцей №8 Нововолинської міської ради Волинської області,Нововолинська ТГ,2025 STEM,Очно,24.17927,50.724256,UA07020130000036300,Волинська,Задовільний
17504,"Опорний заклад ""Колківський ліцей"" Колківської селищної ради Волинської області",Колківська,2025 STEM,Очно,25.662361,51.099884,UA07080130000017070,Волинська,Задовільний
17395,Підгайцівський ліцей Підгайцівської сільської ради Луцького району Волинської області,Підгайцівська ТГ,2025 STEM,Очно,25.4042557,50.710411,UA07080230000046097,Волинська,Задовільний
3619,Слобожанський ліцей Слобожанської селищної ради Дніпровського району Дніпропетровської області,Слобожанська,2025 STEM,Очно,35.079935395399254,48.53117832528587,UA12020250000010438,Дніпропетровська,Високий
3484,Дніпровський ліцей № 111 Дніпровської міської ради,Дніпровська міська територіальна громада,2025 STEM,Очно,35.0710415840149,48.41203216554142,UA12020010000033698,Дніпропетровська,Високий
3580,"Заклад загальної середньої освіти ""Солонянський ліцей"" Солонянської селищної ради Дніпропетровської області",Солонянська  селищна територіальна громада,2025 STEM,Очно,34.880648,48.213746,UA12020270000063450,Дніпропетровська,Дуже високий
3227,Яворницький ліцей Яворницької селищної ради Дніпропетровської області,Іларіонівська,2025 STEM,Очно,35.272215,48.405765,UA12140110000060935,Дніпропетровська,Високий
2920,Комунальний заклад «Науковий ліцей імені Анатолія Лигуна» Камʼянської міської ради,Камʼянська міська територіальна громада,2025 STEM,Очно,34.615807,48.524555,UA12040150000015189,Дніпропетровська,Високий
15693,Ліцей № 1 міста Житомира,Житомирська,2025 STEM,Очно,28.609806,50.283503,UA18040190000029215,Житомирська,Помірний
15794,Ліцей №1 імені Густава Олізара Коростишівської міської ради,Коростишівська,2025 STEM,Очно,29.062071,50.312867,UA18040250000068141,Житомирська,Задовільний
15837,Ліцей №1 імені Лесі Українки Звягельської міської ради,Звягельська міська територіальна громада,2025 STEM,Очно,27.615514,50.594408,UA18080150000022496,Житомирська,Помірний
16822,Коростенський міський ліцей №4 Житомирської області,Коростенська міська територіальна громада,2025 STEM,Очно,28.641067,50.947659,UA18060090000061708,Житомирська,Високий
15575,Андрушівський ліцей №2 Андрушівської міської ради Бердичівського району Житомирської області,Андрушівська міська,2025 STEM,Очно,29.017794,50.014123,UA18020010000059904,Житомирська,Задовільний
19269,Ужгородський ліцей ім. Т. Г. Шевченка Ужгородської міської ради Закарпатської області,Ужгородська міська територіальна громада,2025 STEM,Очно,22.296697,48.622743,UA21100230000083101,Закарпатська,Задовільний
19173,Тячівський ліцей №1 імені В.Ґренджі-Донського Тячівської міської ради Закарпатської області,Тячівська міська територіальна громада,2025 STEM,Очно,23.574874,48.008174,UA21080150000014443,Закарпатська,Задовільний
19016,Мукачівський ліцей Мукачівської міської ради Закарпатської області,Мукачівська МТГ,2025 STEM,Очно,22.718358,48.438949,UA21040150000092428,Закарпатська,Задовільний
19122,Лазещинський заклад загальної середньої освіти,Ясінянська територіальна громада,2025 STEM,Очно,24.414817,48.273857,UA21060070000049340,Закарпатська,Задовільний
18905,Іршавський ліцей Іршавської міської ради Закарпатської області,Іршавська,2025 STEM,Очно,23.049908,48.309166,UA21120130000025618,Закарпатська,Задовільний
1534,"Комунальний заклад ""Запорізька спеціалізована школа-інтернат ІІ-ІІІ ступенів ""Січовий колегіум"" Запорізької обласної ради",Запорізька,2025 STEM,Очно,35.0548894,47.8173622,UA23060070000082704,Запорізька,Дуже високий
10821,Ліцей ім. Романа Шухевича Івано-Франківської міської ради,Івано-Франківська,2025 STEM,Очно,24.721475,48.914495,UA26040190000081578,Івано-Франківська,Помірний
11228,Тисменицький ліцей Тисменицької міської ради,Тисменицька міська територіальна громада,2025 STEM,Очно,24.840825,48.899975,UA26040330000019235,Івано-Франківська,Задовільний
10577,Богородчанський ліцей №1 імені Олекси Гірника Богородчанської селищної ради,Богородчанська селищна територіальна громада,2025 STEM,Очно,24.53329682350159,48.80831197101941,UA26040030000091528,Івано-Франківська,Задовільний
11036,Надвірнянський ліцей № 1 імені В.М. Чорновола Надвірнянської міської ради Івано-Франківської області,Надвірнянська,2025 STEM,Очно,24.570028,48.633456,UA26120070000067596,Івано-Франківська,Задовільний
22286,Бучанський ліцей №3 Бучанської міської ради Київської області,Бучанська,2025 STEM,Очно,30.226989,50.545802,UA32080070000050759,Київська,Помірний
23820,"Комунальний заклад загальної середньої освіти ""Ліцей №1 с. Петропавлівська Борщагівка"" Борщагівської сільської ради Бучанського району Київської області",Борщагівська сільська ТГ,2025 STEM,Очно,30.3226196,50.42180450000001,UA32080050000052660,Київська,Високий
21569,Бориспільський ліцей «Перспектива» імені Володимира Мономаха Бориспільської міської  ради Київської області,Бориспільська міська територіальна  громада,2025 STEM,Очно,30.961829,50.346294,UA32040010000010116,Київська,Високий
21685,Броварський ліцей № 10 Броварської міської ради Броварського району Київської області,Броварська міська територіальна громада,2025 STEM,Очно,30.798201,50.521893,UA32060050000030591,Київська,Високий
21817,"Комунальний заклад Кагарлицької міської ради ""Кагарлицький ліцей №3""",Кагарлицька,2025 STEM,Очно,30.82394599914551,49.86454632391818,UA32120050000067577,Київська,Помірний
21811,Коцюбинський ліцей №1 Коцюбинської селищної ради Бучанського району Київської області,Коцюбинська територіальна громада Бучанського району Київської області,2025 STEM,Очно,30.330331,50.49239,UA32080170000086616,Київська,Високий
21592,"Опорний заклад освіти ""Щасливський академічний ліцей"" Пристоличної сільської ради Бориспільського району Київської області",Пристолична,2025 STEM,Очно,30.7969553,50.3793095,UA32040130000049927,Київська,Помірний
5507,Опорний заклад освіти «Васильківський академічний ліцей «Успіх» Васильківської міської ради Київської області,Васильківська,2025 STEM,Очно,30.30896,50.183054,UA32120030000030458,Київська,Високий
22217,ГАТНЕНСЬКИЙ ЛІЦЕЙ ГАТНЕНСЬКОЇ СІЛЬСЬКОЇ РАДИ ФАСТІВСЬКОГО РАЙОНУ КИЇВСЬКОЇ ОБЛАСТІ,Гатненська,2025 STEM,Очно,30.401181,50.355904,UA32140050000046018,Київська,Помірний
21697,"Опорний заклад освіти ""Калинівський академічний ліцей-освітній центр"" Калинівської селищної ради Фастівського району Київської області",Калинівська,2025 STEM,Очно,30.23767,50.220457,UA32140090000085800,Київська,Помірний
13994,"Комунальний заклад ""Ліцей ""Науковий"" Кропивницької міської ради",Кропивницька міська територіальна громада,2025 STEM,Очно,32.262356,48.515305,UA35040210000014072,Кіровоградська,Помірний
14211,Мультипрофільний ліцей Олександрійської міської ради Кіровоградської області,Олександрійська міська громада,2025 STEM,Очно,33.11456,48.661052,UA35080050000038829,Кіровоградська,Помірний
14059,Смолінський ліцей №2 Смолінської селищної ради Кіровоградської області,Смолінська ТГ,2025 STEM,Очно,31.316442489624027,48.6021548839966,UA35060230000086264,Кіровоградська,Помірний
14248,"Комунальний заклад ""Ліцей ""Перспектива"" Світловодської міської ради""",Світловодська,2025 STEM,Очно,33.2047497,49.0536736,UA35080170000077673,Кіровоградська,Помірний
24431,"Комунальний заклад Львівської обласної ради ""Обласний науковий ліцей"" ",Дрогобицька,2025 STEM,Очно,,,UA46020030000019252,Львівська,Задовільний
13028,Давидівський ліцей ім. Т.Г. Шевченка Давидівської сільської ради Львівського району Львівської області,Давидівська сільська територіальна громада,2025 STEM,Очно,24.137992,49.744193,UA46060090000017373,Львівська,Задовільний
12648,Золочівський ліцей Золочівської міської ради Золочівського району Львівської області,Золочівська,2025 STEM,Очно,24.898706,49.8037073,UA46040070000032075,Львівська,Задовільний
4747,Комунальний заклад Кривоозерський ліцей №1 Кривоозерської селищної ради Первомайського району Миколаївської області,Кривоозерська селищна рада,2025 STEM,Очно,30.8503758,48.0469079,UA48080090000029942,Миколаївська,Помірний
8475,Олександрівський ліцей імені Т.Г.Шевченка Олександрівської селищної ради Вознесенського району Миколаївської області,Олександрівська,2025 STEM,Очно,31.2763009,47.6954421,UA48040190000026236,Миколаївська,Високий
11761,"Миколаївський ліцей № 38 ""Муніципаьний колегіум"" імені Володимира Дмитровича Чайки ",Миколаївська міська територіальна громада,2025 STEM,Очно,32.019424,46.972278,UA48060150000071713,Миколаївська,Дуже високий
4643,Баштанський ліцей №1 Баштанської міської ради Миколаївської області,Баштанська,2025 STEM,Очно,32.434087,47.405033,UA48020010000091496,Миколаївська,Дуже високий
5196,Південноукраїнський ліцей № 2 Південноукраїнської міської ради,Южноукраїнська міська територіальна громада,2025 STEM,Очно,31.17958,47.820177,UA48040250000044166,Миколаївська,Високий
23431,КОМУНАЛЬНИЙ ЗАКЛАД «РІШЕЛЬЄВСЬКИЙ НАУКОВИЙ ЛІЦЕЙ»,Одеська,2025 STEM,Очно,30.729426,46.490114,UA51100270000073549,Одеська,Високий
15485,"Заклад загальної середньої освіти ""Прилиманський ліцей"" Авангардівської селищної ради",Авангардівська селищна територіальна громада,2025 STEM,Очно,30.615097,46.424623,UA51100010000023950,Одеська,Високий
21525,"Науковий ліцей ,,Політ” Комунального закладу вищої освіти ,,Кременчуцька гуманітарно-технологічна академія” Полтавської обласної ради",Кременчуцька,2025 STEM,Очно,33.445994,49.092691,UA53020110000092487,Полтавська,Високий
20607,Опорний заклад освіти «Миргородський ліцей «Лінгвіст» Миргородської міської ради Полтавської області»,Миргородська міська територіальна громада,2025 STEM,Очно,33.60893812817682,49.96355462878691,UA53060230000098362,Полтавська,Помірний
20333,Зіньківський опорний ліцей №1 Зіньківської міської ради,Зіньківська,2025 STEM,Очно,34.346285,50.210231,UA53080090000014431,Полтавська,Високий
20747,Комунальний заклад «Полтавський міський багатопрофільний ліцей № 1 ім. І.П. Котляревського Полтавської міської ради Полтавської області»,Полтавська,2025 STEM,Очно,34.556231,49.580917,UA53080370000025447,Полтавська,Високий
16699,Обласний науковий ліцей в м. Рівне Рівненської обласної ради,Рівненська,2025 STEM,Очно,26.252007,50.610536,UA56060470000086729,Рівненська,Помірний
2617,Володимирецький ліцей «Колегіум» Володимирецької селищної ради,Володимирецька селищна,2025 STEM,Очно,26.129315,51.421254,UA56020050000087443,Рівненська,Високий
16209,Дубенський ліцей №6 Дубенської міської ради Рівненської області,Дубенська міська,2025 STEM,Очно,25.753513,50.394595,UA56040110000061997,Рівненська,Помірний
14482,Опорний заклад «Кролевецький ліцей №3» Кролевецької міської ради,Кролевецька міська територіальна громада,2025 STEM,Очно,33.3678323858485,51.55150338091497,UA59020090000085438,Сумська,Дуже високий
14407,Конотопський ліцей №1 Конотопської міської ради Сумської області,Конотопська міська територіальна громада,2025 STEM,Очно,33.206251,51.245078,UA59020070000032449,Сумська,Високий
14617,Путивльський ліцей № 1 ім. Р. Руднєва Путивльської міської ради,Путивльська ТГ,2025 STEM,Очно,33.86689749651851,51.33590356050525,UA59020150000078955,Сумська,Дуже високий
5409,Ліцей №1 Тростянецької міської ради,Тростянецька МТГ,2025 STEM,Очно,34.953223,50.474387,UA59040130000041676,Сумська,Дуже високий
14575,Ліцей № 1 Охтирської міської ради Сумської області,Охтирська міська територіальна громада,2025 STEM,Очно,34.897132,50.30884,UA59040110000026694,Сумська,Дуже високий
14792,"Комунальна організація (установа, заклад) “Шосткинський навчально-виховний комплекс: спеціалізована школа І-ІІ ступенів-ліцей Шосткинської міської ради Сумської області”",Шосткинська міська територіальна громада,2025 STEM,Очно,33.473985,51.869334,UA59100170000093676,Сумська,Дуже високий
14546,Липоводолинський ліцей Липоводолинської селищної ради,Липоводолинська територіальна громада,2025 STEM,Очно,33.792870000504635,50.56317680042188,UA59060070000040784,Сумська,Високий
14307,Миколаївський ліцей Миколаївської селищної ради Сумського району Сумської області,Миколаївська селищна,2025 STEM,Очно,34.378813,50.94132,UA59080130000022249,Сумська,Дуже високий
18192,Кременецький академічний ліцей імені У.Самчука Кременецької міської ради Тернопільської області,Кременецька міська територіальна громада,2025 STEM,Очно,25.719873905181885,50.09725587478775,UA61020070000092368,Тернопільська,Задовільний
18440,Тернопільська загальноосвітня школа І-ІІІ ступенів №19 Тернопільської міської ради Тернопільської області,Тернопільська міська територіальна громада,2025 STEM,Очно,25.642122,49.559335,UA61040490000035010,Тернопільська,Високий
18269,Монастириський заклад загальної середньої освіти І - ІІІ ступенів Монастириської міської ради,Монастириська,2025 STEM,Очно,25.174361,49.092408,UA61060310000061998,Тернопільська,Задовільний
18212,Лановецький заклад загальної середньої освіти І-ІІІ ступенів №1 імені Юрія Коваля Лановецької міської ради Кременецького району Тернопільської області,Лановецька міська територіальна громада,2025 STEM,Очно,26.091783,49.863596,UA61020090000020422,Тернопільська,Задовільний
18564,Шумський ліцей Шумської міської ради,Шумська територіальна громада,2025 STEM,Очно,26.116693,50.118776,UA61020150000036935,Тернопільська,Задовільний
11926,Комунальний заклад «Близнюківський ліцей Близнюківської селищної ради Лозівського району Харківської області»,Близнюківська селищна територіальна громада,2025 STEM,Очно,36.554982,48.856686,UA63100030000050119,Харківська,Дуже високий
11825,"Комунальний заклад ""Кегичівський ліцей"" Кегичівської селищної ради",Кегичівська територіальна громада,2025 STEM,Очно,35.761817693710334,49.2929451105985,UA63060030000041642,Харківська,Високий
23442,Кам’янець-Подільський ліцей з посиленою військово-фізичною підготовкою Хмельницької області,Кам’янець-Подільська міська рада,2025 STEM,Очно,26.5850814,48.6650159,UA68020110000071202,Хмельницька,Помірний
9073,Деражнянський ліцей №3 імені Героя України Івана Зубкова Деражнянської міської ради Хмельницької області,Деражнянська міська ТГ,2025 STEM,Очно,27.414121,49.262928,UA68040150000077185,Хмельницька,Задовільний
9027,Опорний заклад Городоцький ліцей №4 Городоцької міської ради Хмельницької області,Городоцька,2025 STEM,Очно,26.575364,49.16714,UA68040130000024471,Хмельницька,Задовільний
9511,Теофіпольський ліцей № 3 Теофіпольської селищної ради,Теофіпольська селищна територіальна громада,2025 STEM,Очно,26.406023,49.83761,UA68040450000097735,Хмельницька,Задовільний
8889,Славутський ліцей Славутської міської ради,Славутська міська  територіальна громада,2025 STEM,Очно,26.866131,50.295607,UA68060270000042174,Хмельницька,Помірний
9704,Комунальний заклад загальної середньої освіти «Ліцей № 3 імені Артема Мазура Хмельницької міської ради»,Хмельницька міська територіальна громада,2025 STEM,Очно,26.955414,49.406861,UA68040470000053519,Хмельницька,Високий
4600," Комунальний заклад ""Кам'янський ліцей №1 Кам'янської міської ради Черкаської області""",Кам’янська міська територіальна громада,2025 STEM,Очно,32.0988428592682,49.04367015911484,UA71080130000078619,Черкаська,Помірний
4291,Ліцей «Успіх» Монастирищенської міської ради Черкаської області,Монастирищенська міська територіальна громада,2025 STEM,Очно,29.810126,48.996572,UA71060170000092613,Черкаська,Задовільний
4265,Черкаський фізико-математичний ліцей (ФІМЛІ) Черкаської міської ради Черкаської області,Черкаська міська громада,2025 STEM,Очно,32.076018,49.428996,UA71080490000022110,Черкаська,Високий
4178,Жашківський ліцей №1 Жашківської міської ради Черкаської області,Жашківська міська територіальна громада,2025 STEM,Очно,30.096158,49.247546,UA71060090000088339,Черкаська,Задовільний
4130,"Опорний заклад освіти ""Чорнобаївський ліцей Чорнобаївської селищної ради Черкаської області""""",Чорнобаївська територіальна гомада,2025 STEM,Очно,32.3251689598244,49.66635012391009,UA71040190000080571,Черкаська,Помірний
5675,"""Опорний заклад освіти - Шировецький ліцей"" Недобоївської сільської ради Дністровського району Чернівецької області",Недобоївська ТГ,2025 STEM,Очно,26.2978669,48.42572790000001,UA73040110000040354,Чернівецька,Задовільний
5590,Новодністровський заклад загальної середньої освіти ІІ-ІІІ ступенів Новодністровської міської ради Чернівецької області,Новодністровська,2025 STEM,Очно,27.4313777,48.5824459,UA73040130000087963,Чернівецька,Помірний
5973,Чернівецький ліцей №18 Чернівецької міської ради,Чернівецька,2025 STEM,Очно,25.9623951,48.2882512,UA73060610000066784,Чернівецька,Задовільний
5815,Хотинський опорний академічний ліцей Хотинської міської ради,Хотинська міська територіальна громада,2025 STEM,Очно,26.489638,48.507259,UA73040190000062796,Чернівецька,Задовільний
5771,Опорний заклад Сторожинецький ліцей Сторожинецької міської ради Чернівецького району Чернівецької області,Сторожинецька міська територіальна громада,2025 STEM,Очно,25.719503,48.165632,UA73060490000033679,Чернівецька,Задовільний
5901,Красноїльський ліцей імені Алєксандру Ілскі,Красноїльська,2025 STEM,Очно,25.587181,48.014805,UA73060330000039245,Чернівецька,Помірний
21054,Опорний заклад Менська гімназія Менської міської ради,Менська міська територіальна громада,2025 STEM,Очно,32.227501,51.528727,UA74020030000069340,Чернігівська,Дуже високий
20881,Бахмацький ліцей №1 Бахмацької міської ради,Бахмацька,2025 STEM,Очно,32.824072,51.179984,UA74040030000093042,Чернігівська,Високий
21139,Новгород-Сіверський ліцей №1 Новгород-Сіверської міської ради Чернігівської областіі,Новгород-Сіверська міська територіальна громада Чернігівської області,2025 STEM,Очно,33.27233076095582,52.00198054822398,UA74060030000026607,Чернігівська,Непереборний
21178,Прилуцький ліцей №5 імені Віктора Андрійовича Затолокіна Прилуцької міської ради Чернігівської області,м.Прилуки,2025 STEM,Очно,32.384661,50.59204,UA74080130000060606,Чернігівська,Помірний
21395,Козелецький ліцей №3 Козелецької селищної ради,Козелецька селищна рада,2025 STEM,Очно,31.132877,50.907266,UA74100190000086457,Чернігівська,Високий
21301,Чернігівський ліцей №15 Чернігівської міської ради,Місто Чернігів,2025 STEM,Очно,31.273921,51.513383,UA74100390000073425,Чернігівська,Високий
23242,"Політехнічний ліцей Національного технічного університету України ""КПІ"" м. Києва",Територіальна громада міста Києва,2025 STEM,Очно,30.40991753339768,50.44193812638397,UA80000000000093317,Київ,Високий
23295,Ліцей № 172 «Нивки» Шевченківського району м. Києва,Територіальна громада міста Києва,2025 STEM,Очно,30.416309,50.46933,UA80000000000093317,Київ,Високий
23045,Технічний ліцей Дніпровського району м. Києва,Територіальна громада міста Києва,2025 STEM,Очно,30.612815,50.442686,UA80000000000093317,Київ,Високий
23032,Науковий ліцей № 208 Дніпровського району м.Києва,Територіальна громада міста Києва,2025 STEM,Очно,30.600652,50.446552,UA80000000000093317,Київ,Високий
22856,Ліцей №227 міста Києва,Територіальна громада міста Києва,2025 STEM,Очно,30.449843,50.379915,UA80000000000093317,Київ,Високий
23159,Ліцей № 196 Святошинського району міста Києва,Територіальна громада міста Києва,2025 STEM,Очно,30.378732,50.416968,UA80000000000093317,Київ,Високий
7125,Тростянецький ліцей Тростянецької селищної ради Вінницької області,Тростянецька селищна територіальна громада,2026 STEM,Очно,29.2245876789093,48.513932116745146,UA05040250000027965,Вінницька,Помірний
7962,Ситковецький ліцей Райгородської сільської ради Вінницької області,Райгородська ТГ,2026 STEM,Очно,29.201418,48.908538,UA05040190000039450,Вінницька,Задовільний
11324,"Ліцей №3 міста Могилева-Подільського, Могилів-Подільської міської ради Вінницької області",Могилів - Подільська міська територіальна громада,2026 STEM,Очно,27.817402,48.432117,UA05080050000023603,Вінницька,Задовільний
7811,Ліцей №4 Ладижинської міської ради Вінницької області,Ладижинська міська територіальна громада,2026 STEM,Очно,29.232563,48.680436,UA05040130000025322,Вінницька,Високий
8786,Опорний заклад Теплицької селищної ради «Теплицька загальноосвітня школа І-ІІІ ступенів №1»,Теплицька,2026 STEM,Очно,29.74401,48.667574,UA05040230000017028,Вінницька,Помірний
8841,КОМУНАЛЬНИЙ ЗАКЛАД “ВІННИЦЬКИЙ ЛІЦЕЙ №23”,Вінницька міська територіальна громада,2026 STEM,Очно,28.4180642,49.22674989999999,UA05020030000031457,Вінницька,Помірний
6115,"Комунальний заклад ""Погребищенський ліцей №1"" Погребищенської міської ради Вінницького району Вінницької області",Погребищенська міська територіальна громада,2026 STEM,Очно,29.265109,49.48451,UA05020210000033427,Вінницька,Задовільний
7981,Літинський ліцей- опорний заклад загальної середньої освіти  № 2    Літнської селищної ради Вінницької області,Літинська селищна територіальна громада,2026 STEM,Очно,28.08449864387512,49.32893285949497,UA05020130000056031,Вінницька,Задовільний
8809,Брацлавський ліцей №1 Брацлавської сселищної ради,Брацлавська селищна територіальна громада,2026 STEM,Очно,28.933505,48.826529,UA05100010000023453,Вінницька,Задовільний
6379,Тульчинський ліцей №3 Тульчинської міської ради Вінницької області,Тульчинська міська територіальна громада,2026 STEM,Очно,28.854534,48.672964,UA05100150000050790,Вінницька,Задовільний
7360,Станіславчицький опорний заклад загальної середньої освіти І-ІІІ ступенів Станіславчицької сільської ради Жмеринського району Вінницької області,Станіславчицька територіальна громада,2026 STEM,Очно,28.1041838,48.97183769999999,UA05060130000030729,Вінницька,Задовільний
6152,Бершадський ліцей,Бершадська міська територіальна громада,2026 STEM,Очно,29.508876,48.359778,UA05040010000022470,Вінницька,Помірний
7715,опорний заклад загальної середньої освіти-ліцей з дошкільним підрозділом с. Корделівка Калинівської міської ради Вінницької області,Калинівська міська територіальна громада,2026 STEM,Очно,28.546483,49.521671,UA05120070000075759,Вінницька,Задовільний
11404,"Комунальний заклад ""Турбівський ліцей №1 Турбівської селищної ради Вінницького району Вінницької області""",Турбівська селищна територіальна громада Вінницького району Вінницької області,2026 STEM,Очно,28.728105,49.332094,UA05020290000092626,Вінницька,Задовільний
17384,Боратинський ліцей Боратинської сільської ради,Боратинська,2026 STEM,Очно,25.355147,50.700666,UA07080030000051738,Волинська,Задовільний
17683,Ліцей с. Дубечне Дубечненської сільської ради Ковельського району Волинської області,Дубечненська сільська територіальна громада,2026 STEM,Очно,24.373889,51.5484236,UA07060110000041168,Волинська,Дуже високий
17460,Любомльський ліцей №2 Любомльської міської ради Ковельського району Волинської області,Любомльська ТГ,2026 STEM,Очно,24.04022,51.221194,UA07060270000021892,Волинська,Високий
17690,Старовижівський ліцей Старовижівської селищної ради,Старовижівська,2026 STEM,Очно,24.435847,51.438426,UA07060410000041366,Волинська,Дуже високий
17458,Головненський ліцей Головненської селищної ради Ковельського району Волинської області,Головненська ТГ,2026 STEM,Очно,24.079296,51.335994,UA07060090000026043,Волинська,Дуже високий
17702,Опорний заклад «Турійський ліцей» Турійської селищної ради Ковельського району Волинської області,Турійська,2026 STEM,Очно,24.53123,51.084214,UA07060430000041345,Волинська,Помірний
17588,Опорний заклад освіти «Ратнівський ліцей №1 імені Героя України Едуарда Камардіна Ратнівської селищної ради»,Ратнівська селищна територіальна громада,2026 STEM,Очно,24.526487,51.671808,UA07060310000037369,Волинська,Дуже високий
17625,"Комунальний заклад загальної середньої освіти ""Рожищенський ліцей №4"" Рожищенської міської ради Луцького району Волинської області",Рожищенська міська,2026 STEM,Очно,25.267013,50.916182,UA07080250000053335,Волинська,Задовільний
17578,Заболоттівський ліцей Заболоттівської селищної ради Ковельського району Волинської області,Заболоттівська територіальна громада Ковельського району Волинської області,2026 STEM,Очно,24.25215840339661,51.63247979592371,UA07060150000038564,Волинська,Дуже високий
17462,"Опорний заклад ""Вишнівський ліцей"" Вишнівської сільської ради",Вишнівська,2026 STEM,Очно,24.029763,51.19767,UA07060050000091514,Волинська,Високий
17262,"45070, Волинська область, Ковельський район, селище Голоби, вул. Перемоги, 1",Голобська селищна територіальна громада,2026 STEM,Очно,25.012242856126363,51.08413610701045,UA07060070000063773,Волинська,Помірний
17031,Горохівський ліцей №1 ім. І. Я. Франка Горохівської міської ради Луцького району Волинської області,Горохівська,2026 STEM,Очно,24.765151,50.49694,UA07080070000052255,Волинська,Задовільний
17147,Опорний заклад загальної середньої освіти «Камінь-Каширський ліцей №1 ім. Євгена Шабліовського» Камінь-Каширської міської ради Волинської області,Камінь-Каширська,2026 STEM,Очно,24.9666077,51.6245877,UA07040010000033507,Волинська,Високий
17361,"комунальний заклад загальної середньої освіти ""Луцький ліцей № 9 Луцької міської ради""",Луцька міська територіальна громада,2026 STEM,Очно,25.33183369005696,50.7508480548724,UA07080170000013585,Волинська,Помірний
16979,Нововолинський науковий ліцей Волинської обласної ради,Нововолинська,2026 STEM,Очно,24.172218,50.725744,UA07020130000036300,Волинська,Задовільний
17591,"Опорний заклад загальної середньої освіти ""Самарівський ліцей імені Петра Штика Самарівської сільської ради Ковельського району Волинської області""",Самарівська ТГ,2026 STEM,Очно,24.6148781,51.85860479999999,UA07060350000084520,Волинська,Дуже високий
17395,Підгайцівський ліцей Підгайцівської сільської ради Луцького рацону Волинської області,Підгайцівська,2026 STEM,Очно,25.4042557,50.710411,UA07080230000046097,Волинська,Задовільний
3110,ВЕРБКІВСЬКИЙ ЛІЦЕЙ ВЕРБКІВСЬКОЇ СІЛЬСЬКОЇ РАДИ ПАВЛОГРАДСЬКОГО РАЙОНУ ДНІПРОПЕТРОВСЬКОЇ ОБЛАСТІ,Вербківська СТГ,2026 STEM,Очно,35.901278,48.58431,UA12120030000075687,Дніпропетровська,Високий
3607,Олександрівський ліцей Слобожанської селищної ради Дніпровського району Дніпропетровської області,Слобожанська,2026 STEM,Очно,35.233690738677986,48.514038724449286,UA12020250000010438,Дніпропетровська,Високий
3580,Заклад загальної  середньої освіти «Солонянський ліцей» Солонянської селищної ради Дніпропетровської області,Солонянська селищна територіальна громада,2026 STEM,Очно,34.880648,48.213746,UA12020270000063450,Дніпропетровська,Дуже високий
3266,Верхньодніпровський ліцей №5 Верхньодніпровської міської ради,Верхньодніпровська,2026 STEM,Очно,34.334526,48.661933,UA12040050000057182,Дніпропетровська,Високий
3756,Дніпровський науковий ліцей інформаційних технологій Дніпровської міської ради,м. Дніпро,2026 STEM,Очно,35.056233,48.457439,UA12020010000033698,Дніпропетровська,Високий
3119,Ліцей «Тріумф» П’ятихатської міської ради,П’ятихатська міська територіальна громада,2026 STEM,Очно,33.70657014260988,48.39550197037702,UA12040210000039759,Дніпропетровська,Високий
3434,Комунальний заклад «Ліцей №16» Кам’янської міської ради,Кам’янська міська територіальна громада,2026 STEM,Очно,34.60770368634258,48.51665014753654,UA12040150000015189,Дніпропетровська,Високий
3591,Ліцей №2 Підгородненської міської ради Дніпропетровської області,Підгородненська,2026 STEM,Очно,35.108299,48.573622,UA12020210000032285,Дніпропетровська,Високий
2783,комунальний заклад «Тернівський ліцей №5 Тернівської міської ради Дніпропетровської області»,Тернівська,2026 STEM,Очно,36.075803,48.525139,UA12120090000031622,Дніпропетровська,Дуже високий
16926,Тетерівський ліцей імені В'ячеслава Кауркіна Житомирського району Житомирської області,Тетерівська ТГ,2026 STEM,Очно,28.565573,50.234645,UA18040530000045696,Житомирська,Задовільний
16946,Радомишльський ліцей №3 Житомирської області,Радомишльська,2026 STEM,Очно,29.2416439,50.5003013,UA18040450000079138,Житомирська,Помірний
16047,Пулинський ліцей Пулинської селищної ради Житомирського району Житомирської області,Пулинська,2026 STEM,Очно,28.260927,50.466211,UA18040430000080827,Житомирська,Задовільний
15902,Овруцький ліцей імені Андрія Малишка Овруцької міської ради,Овруцька,2026 STEM,Очно,28.801632,51.323022,UA18060170000069581,Житомирська,Дуже високий
15794,ліцей №1 імені Густава Олізара Коростишівської міської ради,Коростишівська,2026 STEM,Очно,29.062071,50.312867,UA18040250000068141,Житомирська,Задовільний
16107,Малинський міський ліцей №2 Малинської міської ради,Малинська міська територіальна громада,2026 STEM,Очно,29.243477,50.767173,UA18060130000061781,Житомирська,Помірний
15576,«Червоненський ліцей» Червоненської селищної ради Житомирської області,Червоненська,2026 STEM,Очно,28.864209,49.952423,UA18020170000036711,Житомирська,Задовільний
15975,Романівський ліцей №2 Романівської селищної ради Житомирського р-ну Житомирської обл.,Романівська селищна рада Житомирського р-ну Житомирської обл.,2026 STEM,Очно,27.97134160995484,50.0848762755653,UA18040470000074046,Житомирська,Задовільний
15577,Баранівський ліцей №1 Баранівської міської ради,Баранівська міська територіальна громада,2026 STEM,Очно,27.677295,50.294364,UA18080010000090720,Житомирська,Задовільний
15803,Старосілецький ліцей Старосілецької сільської ради Житомирської області,Старосілецька,2026 STEM,Очно,28.988679,50.406457,UA18040510000013419,Житомирська,Помірний
15644,Хорошівський ліцей № 2 Житомирської області,Хорошівська,2026 STEM,Очно,28.445297,50.596009,UA18040570000099817,Житомирська,Задовільний
16076,Комунальний заклад «Чуднівський ліцей» Чуднівської міської ради Житомирської області,Чуднівська міська територіальна громада,2026 STEM,Очно,28.120879,50.050397,UA18040610000049084,Житомирська,Задовільний
16864,Олевський ліцей №2 Олевської міської ради,Олевська міська територіальна громада,2026 STEM,Очно,27.657348,51.214325,UA18060190000071101,Житомирська,Високий
16916,Левківський ліцей Глибочицької сільської ради Житомирського району Житомирської області,Глибочицька,2026 STEM,Очно,28.839173,50.243304,UA18040150000019024,Житомирська,Задовільний
16822,Коростенський міський ліцей №4 Житомирської області,Коростенська міська територіальна громада,2026 STEM,Очно,28.641067,50.947659,UA18060090000061708,Житомирська,Високий
16906,Березівський ліцей Березівської сільської ради Житомирського району Житомирської області,Березівська об’єднана територіальна громада,2026 STEM,Очно,28.432080745697025,50.31491438264403,UA18040030000089649,Житомирська,Задовільний
15693,Ліцей № 1 міста Житомира,Житомирська міська територіальна громада,2026 STEM,Очно,28.609806,50.283503,UA18040190000029215,Житомирська,Помірний
15947,Корнинський ліцей Корнинської селищної ради Житомирського району Житомирської області,Корнинська,2026 STEM,Очно,29.537388,50.083802,UA18040230000036046,Житомирська,Помірний
16920,Новогуйвинський ліцей імені Сергія Процика,Новогуйвинська селищна територіальна,2026 STEM,Очно,28.691085577011112,50.203962015290045,UA18040350000040746,Житомирська,Задовільний
19173,Тячівський ліцей №1 імені В. Ґренджі-Донського Тячівської міської ради Закарпатської області,Тячівська,2026 STEM,Очно,23.574874,48.008174,UA21080150000014443,Закарпатська,Задовільний
18953,Ільницький заклад загальної середньої освіти І-ІІІ ступенів Іршавської міської ради Закарпатської області,Іршавська міська територіальна громада,2026 STEM,Очно,23.082777,48.345438,UA21120130000025618,Закарпатська,Задовільний
19176,Тересвянський ліцей імені Віталія Бенчака Тересвянської селищної ради Тячівського району Закарпатської області,Тересвянська селищна територіальна громада,2026 STEM,Очно,23.691825,48.0010851,UA21080130000093757,Закарпатська,Помірний
19097,Рахівський заклад загальної середньої освіти І-ІІІ ступенів №1 Рахівської міської ради Рахівського району Закарпатської області,Рахівська територіальна громада,2026 STEM,Очно,24.204054,48.055232,UA21060050000029937,Закарпатська,Помірний
18943,Білківський ліцей Білківської сільської ради Хустського району Закарпатської області,Білківська сільська територіальна громада,2026 STEM,Очно,23.1347776,48.311282,UA21120010000011654,Закарпатська,Задовільний
18966,Міжгірський ліцей №1 Міжгірської селищної ради,Міжгірська,2026 STEM,Очно,23.5015821,48.5224731,UA21120190000082169,Закарпатська,Задовільний
19262,Ужгородський ліцей №15 Ужгородської міської ради,Ужгородська ТГ,2026 STEM,Очно,22.28475,48.611963,UA21100230000083101,Закарпатська,Задовільний
19217,Бедевлянський ліцей Бедевлянської сільської ради Тячівського району Закарпатської області,Бедевлянська,2026 STEM,Очно,23.6641706,48.0038883,UA21080010000097427,Закарпатська,Задовільний
5331,Ліцей імені Героїв 68-го батальйону Перечинської міської ради Закарпатської області,Перечинська,2026 STEM,Очно,22.478364,48.735045,UA21100130000055002,Закарпатська,Задовільний
18995,Пилипецький ліцей Пилипецької сільської ради Закарпатської області,Пилипецька,2026 STEM,Очно,23.345768,48.670477,UA21120210000094884,Закарпатська,Задовільний
18957,Кушницький ліцей Керецьківської сільської ради Хустського району Закарпатської області,Керецьківська сільська,2026 STEM,Очно,23.2523261,48.4436453,UA21120150000079563,Закарпатська,Задовільний
18902,Нижньоворітський ліцей Нижньоворітської сільської ради Мукачівського району Закарпатської області,Нижньоворітська,2026 STEM,Очно,23.098381,48.771273,UA21040190000088960,Закарпатська,Задовільний
18720,Концівський ліцей Холмківської сільської ради Ужгородського району Закарпатської області,Холмківська ТГ,2026 STEM,Очно,22.253452,48.575005,UA21100250000028639,Закарпатська,Задовільний
19177,Усть-Чорнянський опорний заклад загальної середньої освіти І-ІІІ ступенів Усть-Чорнянської селищної ради Тячівського району Закарпатської області,Усть-Чорнянська,2026 STEM,Очно,23.942303,48.320215,UA21080190000094580,Закарпатська,Задовільний
18997,Синевирський ліцей Синевирської сільської ради Хустського району Закарпатської області,Синевирська ТГ,2026 STEM,Очно,23.6199768,48.4938845,UA21120230000041982,Закарпатська,Задовільний
18740,Берегівський ліцей імені Лайоша Кошута Берегівської міської ради Закарпатської області,Берегівська міська територіальна громада,2026 STEM,Очно,22.641381,48.204841,UA21020030000019624,Закарпатська,Задовільний
19116,Заклад загальної середньої освіти І-ІІІ ступенів с. Видричка Богданської сільської ради Рахівського району Закарпатської області,Богданська,2026 STEM,Очно,24.336771,48.053786,UA21060010000011784,Закарпатська,Задовільний
5330,Дубриницький ліцей Дубриницької сільської ради Ужгородського району Закарпатської області,Дубриницька сільська територіальна громада,2026 STEM,Очно,22.493357,48.803267,UA21100070000018509,Закарпатська,Задовільний
19129,Середньоводянський ліцей імені академіка Василя Маріни Солотвинської селищної ради Тячівського району Закарпатської області,Солотвинська,2026 STEM,Очно,23.9085558,47.9832425,UA21080110000054940,Закарпатська,Задовільний
18881,Воловецький ліцей Воловецької селищної ради Мукачівського району Закарпатської області,Воловецька селищна територіальна громада,2026 STEM,Очно,23.1822128,48.7152204,UA21040050000032164,Закарпатська,Помірний
19102,Ясінянський заклад загальної середньої освіти І-ІІІ ступенів №2 Ясінянської селищної ради Рахівського району Закарпатської області,Ясінянська територіальна громада,2026 STEM,Очно,24.3514608,48.2594574,UA21060070000049340,Закарпатська,Задовільний
19103,Великобичківський ліцей Великобичківської селищної ради Рахівського району Закарпатської області,Великобичківська ТГ,2026 STEM,Очно,24.02873,47.95694,UA21060030000020114,Закарпатська,Задовільний
19284,Вишківський ліцей №1 Вишківської селищної ради Хустського району Закарпатської області,Вишківська селищна рада,2026 STEM,Очно,23.420454,48.050624,UA21120030000076462,Закарпатська,Задовільний
1584,Запорізький багатопрофільний ліцей № 99 Запорізької міської ради Запорізької області,Запорізька,2026 STEM,Очно,35.042803,47.820921,UA23060070000082704,Запорізька,Дуже високий
11087,Рогатинський ліцей №1 Рогатинської міської ради Івано Франківської області,Рогатинська МТГ,2026 STEM,Очно,24.621852,49.410817,UA26040270000047749,Івано-Франківська,Задовільний
10678,Галицький ліцей імені Ярослава Осмомисла Галицької міської ради Івано-Франківської області,Галицька міська територіальна громада,2026 STEM,Очно,24.735449600827867,49.12329244439197,UA26040090000025932,Івано-Франківська,Задовільний
11157,Рожнятівський ліцей Рожнятівської селищної ради Івано-Франківської області,Рожнятівська територіальна громада Івано-Франківської області,2026 STEM,Очно,24.152380228042603,48.93972574863633,UA26060230000053464,Івано-Франківська,Задовільний
10986,Рожнівський ліцей «Гуцульщина» імені Федора Погребенника Рожнівської сільської ради Косівського району Івано-Франківської області,Рожнівська,2026 STEM,Очно,25.220507,48.366782,UA26100070000078132,Івано-Франківська,Задовільний
10625,Верховинський ліцей Верховинської селищної ради,Верховинська,2026 STEM,Очно,24.83016418824892,48.15602330626012,UA26020030000088465,Івано-Франківська,Задовільний
10589,Солотвинський ліцей Солотвинської селищної ради Івано-Франківського району Івано-Франківської області,Солотвинська селищна територіальна громада,2026 STEM,Очно,24.416524,48.706128,UA26040290000025886,Івано-Франківська,Задовільний
995,Івано-Франківський науковий природничо-математичний ліцей ім.Івана Пулюя Івано-Франківської міської ради,Івано-Франківська міська територіальна громада,2026 STEM,Очно,24.716885,48.923357,UA26040190000081578,Івано-Франківська,Помірний
11055,Пасічнянський ліцей Пасічнянської сільської ради,Пасічнянська сільська територіальна громада,2026 STEM,Очно,24.4441294,48.5735902,UA26120090000072057,Івано-Франківська,Задовільний
11154,Брошнів-Осадський ліцей Брошнів-Осадської селищної ради Калуського району Івано-Франківської області,Брошнів-Осадська селищна рада,2026 STEM,Очно,24.1865855,48.9964997,UA26060030000011364,Івано-Франківська,Помірний
10617,Болехівський ліцей № 1 «Академічний» Болехівської міської ради Івано-Франківської області,Болехівська міська рада Івано-Франківської області,2026 STEM,Очно,23.855113,49.068497,UA26060010000037638,Івано-Франківська,Задовільний
10863,Калуський ліцей №10 Калуської міської ради Івано-Франківської області,Калуська МТГ,2026 STEM,Очно,24.364144,49.0344017,UA26060170000091466,Івано-Франківська,Задовільний
11271,Обертинський ліцей Обертинської селищної ради Івано-Франківського району Івано-Франківської області,Обертинська територіальна громада,2026 STEM,Очно,25.169956684112552,48.69998954084804,UA26040230000035526,Івано-Франківська,Задовільний
10907,Коломийський ліцей №2 Коломийської міської ради Івано-Франківської області,Коломийська міська територіальна громада,2026 STEM,Очно,25.048965,48.535097,UA26080070000092582,Івано-Франківська,Задовільний
11041,"Надвірнянський ліцей ""Престиж"" Надвірнянської міської ради Івано-Франківської області",Надвірнянська міська громада,2026 STEM,Очно,24.568519,48.635611,UA26120070000067596,Івано-Франківська,Задовільний
10718,Городенківський ліцей №1 ім. Івана Данилюка Городенківської міської ради,Городенківська,2026 STEM,Очно,25.505246,48.670174,UA26080030000014307,Івано-Франківська,Задовільний
11313,Яремчанський ліцей №2 Яремчанської міської ради Івано-Франківської області,Яремчанська,2026 STEM,Очно,24.580035,48.473014,UA26120150000021671,Івано-Франківська,Помірний
10754,"Долинський науковий природничо-математичний ліцей ""Інтелект"" Долинської міської ради Івано-Франківської області",Долинська,2026 STEM,Очно,23.965004,48.972035,UA26060130000047466,Івано-Франківська,Задовільний
11035,Ланчинський ліцей імені Юрія Шкрумеляка Ланчинської селищної ради Надвірнянського району Івано-Франківської області,Ланчинська,2026 STEM,Очно,24.753033,48.552348,UA26120050000087602,Івано-Франківська,Задовільний
11280,Олешанський ліцей Олешанської сільської ради Івано-Франкіського району Івано-Франківської області,Олешанська,2026 STEM,Очно,25.136011,48.836184,UA26040250000061081,Івано-Франківська,Задовільний
10577,Богородчанський ліцей №1 імені Олекси Гірника Богородчанської селищної ради,Богородчанська селищна територіальна громада,2026 STEM,Очно,24.53329682350159,48.80831197101941,UA26040030000091528,Івано-Франківська,Задовільний
10943,Печеніжинський ліцей Печеніжинської селищної ради,Печеніжинська,2026 STEM,Очно,24.87886190414429,48.51390724158192,UA26080170000041182,Івано-Франківська,Задовільний
21949,Опорний заклад освіти «Ржищівський ліцей «Лідер» Ржищівської міської ради Київської області,Ржищівська міська територіальна громада,2026 STEM,Очно,31.035158,49.962623,UA32120130000012946,Київська,Помірний
21735,Опорний заклад освіти «Жукинський ліцей» Пірнівської сільської ради Вишгородського району Київської області,Пірнівська,2026 STEM,Очно,30.690672,50.81099,UA32100090000060111,Київська,Високий
21494,Яготинський ліцей № 2 Яготинської міської ради,Яготинська міська територіальна громада,2026 STEM,Очно,31.7814981,50.2439465,UA32040210000086086,Київська,Помірний
21653,Великодимерський ліцей  Великодимерської селищної ради Броварського району Київської області,Великодимерська селищна територіальна громада,2026 STEM,Очно,30.9037661,50.5928129,UA32060070000092009,Київська,Помірний
21682,Броварський ліцей № 7 Броварської міської ради Броварського району Київської області,Броварська МТГ,2026 STEM,Очно,30.794823,50.510793,UA32060050000030591,Київська,Високий
21656,Зазимський ліцей «Академія успіху»,Зазимська територіальна громада,2026 STEM,Очно,30.683297,50.558542,UA32060090000096236,Київська,Високий
21800,Ірпінський ліцей №1 Ірпінської міської ради Бучанського району Київської області,Ірпінська міська територіальнромада,2026 STEM,Очно,30.24055480957032,50.52769691080184,UA32080150000035443,Київська,Високий
21977,Сквирський академічний ліцей Сквирської міської ради Київської області,Сквирська,2026 STEM,Очно,29.652031,49.736619,UA32020150000040878,Київська,Задовільний
22214,Опорний заклад освіти «Білогородський ліцей №1» Білогородської сільської ради Бучанського району Київської області,Білогородська сільська територіальна громада,2026 STEM,Очно,30.231085,50.391649,UA32080010000060215,Київська,Помірний
5534,Опорний заклад освіти «Васильківський академічний ліцей «Престиж» Васильківської міської ради Київської області,Васильківська,2026 STEM,Очно,30.315284,50.208485,UA32120030000030458,Київська,Високий
22047,Тетіївський ліцей №2  Тетіївської міської ради Київської області,Тетіївська,2026 STEM,Очно,29.677867,49.37051,UA32020210000064694,Київська,Задовільний
21608,"Опорний заклад освіти "" Немішаївський ліцей №2"" Немішаївської селищної ради Бучанського району Київської області",Немішаївська,2026 STEM,Очно,30.0852125,50.5566687,UA32080210000074136,Київська,Помірний
18676," Узинський ліцей ""Обдарованість"" Узинської міської ради Київської області",Узинська мтг,2026 STEM,Очно,30.424725167711195,49.825234914515285,UA32020230000012716,Київська,Помірний
22217,ГАТНЕНСЬКИЙ ЛІЦЕЙ ГАТНЕНСЬКОЇ СІЛЬСЬКОЇ РАДИ ФАСТІВСЬКОГО РАЙОНУ КИЇВСЬКОЇ ОБЛАСТІ,Гатненська ТГ,2026 STEM,Очно,30.401181,50.355904,UA32140050000046018,Київська,Помірний
22220,Дмитрівський академічний ліцей «Перспектива» Дмитрівської сільської ради Бучанського району Київської області,Дмитрівська сільська територіальна громада,2026 STEM,Очно,30.171403,50.4605864,UA32080130000056481,Київська,Помірний
22229,ОПОРНИЙ ЗАКЛАД ОСВІТИ «СОФІЇВСЬКО-БОРЩАГІВСЬКИЙ ЛІЦЕЙ» БОРЩАГІВСЬКОЇ СІЛЬСЬКОЇ РАДИ БУЧАНСЬКОГО РАЙОНУ КИЇВСЬКОЇ ОБЛАСТІ,Борщагівська,2026 STEM,Очно,30.361646,50.409672,UA32080050000052660,Київська,Високий
14205,Ліцей інформаційних технологій Олександрійської міської ради Кіровоградської області,Олександрійська міська ТГ,2026 STEM,Очно,33.115001,48.670947,UA35080050000038829,Кіровоградська,Помірний
13843,"Комунальний заклад ""Гайворонський ліцей № 2"" Гайворонської міської ради Кіровоградської  області",Гайворонська міська територіальна громада,2026 STEM,Очно,29.866441,48.340581,UA35020050000014205,Кіровоградська,Помірний
13911,Комунальний заклад «Академічний ліцей Долинської міської ради»,Долинська територіальна громада,2026 STEM,Очно,32.777306,48.114989,UA35040110000055821,Кіровоградська,Високий
5365,Червонокам'янський ліцей Попельнастівської сільської ради Олександрійського району Кіровоградської області,Попельнастівська ТГ,2026 STEM,Очно,33.44195632303266,48.64904394450379,UA35080130000048304,Кіровоградська,Високий
13850,Побузький ліцей Побузької селищної ради Голованівського району Кіровоградської області,Побузька,2026 STEM,Очно,30.593705135914124,48.16438229829677,UA35020190000025203,Кіровоградська,Помірний
18606,Комунальний заклад Добровеличківський ліцей «ІНТЕЛЕКТ» Добровеличківської селищної ради Кіровоградської області,Добровеличківська селищна громада,2026 STEM,Очно,31.176903,48.384754,UA35060050000025668,Кіровоградська,Помірний
19345,Центральноукраїнський науковий ліцей Кіровоградської обласної ради,Кропивницька міська громада,2026 STEM,Очно,32.260999,48.513532,UA35040210000014072,Кіровоградська,Помірний
14215,Павлиський ліцей імені В.О. Сухомлинського Онуфріївської селищної ради Кіровоградської області,Онуфріївська,2026 STEM,Очно,33.3606491665303,48.92376819289698,UA35080070000016791,Кіровоградська,Помірний
13968,Комунальний заклад «Ліцей «Лідер» Кропивницької міської ради»,Кропивницька,2026 STEM,Очно,32.2505474,48.5164234,UA35040210000014072,Кіровоградська,Помірний
13996,Аджамський ліцей Аджамської сільської ради Кропивницького району Кіровоградської області,Аджамська сільська територіальна громада,2026 STEM,Очно,32.539513,48.542131,UA35040010000022631,Кіровоградська,Помірний
14046,"Комунальний заклад ""Злинський ліцей"" Злинської сільської ради",Злинська,2026 STEM,Очно,31.537613,48.491092,UA35060070000071148,Кіровоградська,Помірний
14092,Підвисоцький ліцей ім. Т.Г. Шевченка Голованівського  району Кіровоградської області,Підвисоцька  ТГ,2026 STEM,Очно,30.686935,48.582694,UA35020170000076448,Кіровоградська,Помірний
14008,"Ліцей ""Нова школа"" Катеринівської сільської ради Кропивницького району Кіровоградської області",Катеринівська,2026 STEM,Очно,32.12245702743531,48.56930945848683,UA35040150000097644,Кіровоградська,Помірний
13613,Яворівський ліцей імені Осипа Маковея Яворівської міської ради Львівської області,Яворівська,2026 STEM,Очно,23.390414,49.948017,UA46140110000063568,Львівська,Задовільний
12361,Городоцький навчально-виховний комплекс №2 І-ІІІ ступенів «заклад загальної середньої освіти І ступеня – гімназія» Городоцької міської ради Львівської області,Городоцька ТГ,2026 STEM,Очно,23.6488605,49.784409,UA46060070000047720,Львівська,Задовільний
12899,Моршинський ліцей імені Константина Малецького,Моршинська,2026 STEM,Очно,23.864644,49.155658,UA46100130000048262,Львівська,Задовільний
5452,Буський заклад загальної середньої освіти - Гімназія імені Євгена Петрушевича при Львівському національному університет імені Івана Франка Буської міської ради,Буська територіальна громада,2026 STEM,Очно,24.6100523,49.9625936,UA46040030000058332,Львівська,Задовільний
12964,Бібрський опорний ліцей імені Уляни Кравченко Бібрської міської ради Львівського району Львівської області,Бібрська,2026 STEM,Очно,24.29697453968549,49.64183963015906,UA46060010000049728,Львівська,Задовільний
13556,Новояворівський заклад загальної середньої освіти І-ІІІ ступенів №1 Новояворівської міської ради,Новояворівська,2026 STEM,Очно,23.573697,49.92867,UA46140050000054478,Львівська,Задовільний
12513,Опорний комунальний заклад загальної середньої освіти І-ІІІ ступенів №1 імені Ігоря Калинця м.Ходорів Ходорівської міської ради Львівської області,Ходорівська міська територіальна громада,2026 STEM,Очно,24.321446,49.405952,UA46100270000094052,Львівська,Задовільний
12507,Жидачівський заклад загальної середньої освіти І-ІІІ ступенів №3 ім. О. Партицького Жидачівської міської рада Львівської області,Жидачівська МТГ,2026 STEM,Очно,24.138486,49.389155,UA46100050000053848,Львівська,Задовільний
12296,Східницький заклад загальної середньої освіти І-ІІІ рівнів Східницької селищної ради Дрогобицького району Львівської області,Східницька,2026 STEM,Очно,23.34646,49.22637,UA46020070000056149,Львівська,Задовільний
12445,Підбузький заклад загальної середньої освіти І-ІІІ рівнів Східницької селищної ради Дрогобицького району Львівської області,Східницька,2026 STEM,Очно,23.248525,49.333832,UA46020070000056149,Львівська,Задовільний
13164,Ралівський опорний заклад загальної середньої освіти ім.Івана Франка Ралівської сільської ради Самбірського району Львівської області,Ралівська ТГ,2026 STEM,Очно,23.260536,49.52194,UA46080090000029798,Львівська,Задовільний
12648,Золочівський ліцей Золочівської міської ради Золочівського району Львівської області імені Василя Вишиваного,Золочівська,2026 STEM,Очно,24.898706,49.8037073,UA46040070000032075,Львівська,Задовільний
12702,Добротвірський опорний заклад загальної середньої освіти І–ІІІ ступенів Добротвірської селищної ради Шептицького району Львівської області,Добротвірська територіальна громада,2026 STEM,Очно,24.3839593,50.20274939999999,UA46120050000027080,Львівська,Задовільний
22418,Комунальний заклад Львівської обласної ради «Львівський ліцей з посиленою військово-фізичною підготовкою імені Героїв Крут»,Львівська,2026 STEM,Очно,24.072297513484955,49.82624196771226,UA46060250000025047,Львівська,Високий
13553,Івано-Франківський заклад загальної середньої освіти І-ІІІ ступенів імені Івана Франка Івано-Франківської селищної ради,Івано-Франківська,2026 STEM,Очно,23.723204,49.919257,UA46140010000081849,Львівська,Задовільний
12957,Новороздільський ліцей імені Володимира Труша Новороздільської міської ради Львівської області,Новороздільська ТГ Стрийського району Львівської області,2026 STEM,Очно,24.129117,49.475391,UA46100150000087495,Львівська,Помірний
13340,Старосамбірський опорний заклад загальної середньої освіти І-ІІІ ступенів №1 імені Героя України Богдана Сольчаника Старосамбірської міської ради Самбірського району Львівської області,Cтаросамбірська,2026 STEM,Очно,22.998883,49.440877,UA46080150000050321,Львівська,Задовільний
12366,Комарнівський опорний заклад загальної середньої освіти І-ІІІ ступенів Комарнівської міської ради Львівської області,Комарнівська,2026 STEM,Очно,23.6963001,49.6259442,UA46060210000047788,Львівська,Задовільний
12365,Опорний Великолюбінський заклад загальної середньої освіти І-ІІІ ступенів Великолюбінської селищної ради Львівського району Львівської області,"Великолюбінська  селищна територіальна громада Львівського району, Львівської області",2026 STEM,Очно,23.73128034185357,49.719971947486016,UA46060030000020652,Львівська,Помірний
24392,Судововишнянський ліцей імені Тадея Дмитрасевича Судововишнянської міської ради Яворівського району Львівської області,Судововишнянська,2026 STEM,Очно,23.372833813489155,49.79101034204135,UA46140070000010135,Львівська,Задовільний
13023,Щирецький ліцей імені Героя України Богдана Ільківа Щирецької селищної ради Львівського району Львівської області,Щирецька,2026 STEM,Очно,23.855957,49.65122,UA46060450000037997,Львівська,Задовільний
13277,Заклад загальної середньої освіти І-ІІІ ступенів Сокальський ліцей №1 імені Олега Романіва Сокальської міської ради Львівської області,Сокальська,2026 STEM,Очно,24.277024,50.476737,UA46120110000062257,Львівська,Задовільний
24557,Пустомитівський ліцей імені Митрополита Володимира Стернюка Пустомитівської міської ради Львівського району Львівської області,Пустомитівська ТГ,2026 STEM,Очно,,,UA46060370000065608,Львівська,Помірний
12908,Ліцей №2 м.Мостиська Мостиської міської ради Львівської області,Мостиська,2026 STEM,Очно,23.148884,49.781109,UA46140030000023506,Львівська,Задовільний
12713,Жовтанецький ліцей Жовтанецької сільської ради Львівського району Львівської області,Жовтанецька,2026 STEM,Очно,24.24840331077576,49.99162210769246,UA46060150000060045,Львівська,Задовільний
12823,Ліцей №46 ім.В’ячеслава Чорновола Львівської міської ради,Львівська міська територіальна громада,2026 STEM,Очно,23.991405,49.806842,UA46060250000025047,Львівська,Високий
13040,Підберізцівський ліцей Підберізцівської сільської ради,Підберізцівська,2026 STEM,Очно,24.218095,49.806778,UA46060350000036006,Львівська,Задовільний
12573,Жовківський заклад загальної середньої освіти І-ІІІ ступенів № 2 Жовківської міської ради Львівського району Львівської області,Жовківська,2026 STEM,Очно,23.9837531,50.0571351,UA46060130000059055,Львівська,Задовільний
13342,Заклад загальної середньої освіти І-ІІІ ступенів-ліцей імені Владики Івана Хоми м. Хирів Хирівської міської ради Самбірського району Львівської області,Хирівська ТГ,2026 STEM,Очно,22.85324,49.530752,UA46080210000051983,Львівська,Задовільний
13489,Боринський заклад загальної середньої освіти І-ІІІ ступенів – заклад дошкільної освіти,Боринська,2026 STEM,Очно,22.995362,49.077639,UA46080030000048662,Львівська,Задовільний
5208,Снігурівський ліцей Снігурівської міської ради Баштанського району Миколаївської області,Снігурівська міська територіальна громада,2026 STEM,Очно,32.794895,47.065002,UA48020190000083597,Миколаївська,Дуже високий
5196,Південноукраїнський ліцей № 2 Південноукраїнської міської ради,Південноукраїнська міська територіальна,2026 STEM,Очно,31.17958,47.820177,UA48040250000044166,Миколаївська,Високий
6071,Братський ліцей № 1 Братської селищної ради Вознесенського району Миколаївської області,Братська,2026 STEM,Очно,31.582126,47.865922,UA48040010000016403,Миколаївська,Помірний
8084,Миколаївський ліцей №55 Миколаївської міської ради Миколаївської області,Миколаївська міська територіальна громада,2026 STEM,Очно,31.939411,46.949682,UA48060150000071713,Миколаївська,Дуже високий
4983,Мішково-Погорілівський ліцей Мішково-Погорілівської сільської ради,Мішково-Погорілівська територіальна громада,2026 STEM,Очно,32.12004303932191,46.98934271501495,UA48060170000025778,Миколаївська,Дуже високий
6543,Комунальний заклад «Мішково-Погорілівський обласний академічний ліцей «Інгульський» Миколаївської обласної ради,Мішково-Погорілівська,2026 STEM,Очно,32.1106299,46.9992971,UA48060170000025778,Миколаївська,Дуже високий
5224,Арбузинський ліцей №2 імені Т.Г.Шевченка Арбузинської селищної ради Первомайського району Миколаївської області,Арбузинська,2026 STEM,Очно,31.315433,47.905915,UA48080010000048763,Миколаївська,Помірний
15154,«ОКНЯНСЬКИЙ ОПОРНИЙ ЛІЦЕЙ З ПОЧАТКОВОЮ ШКОЛОЮ ТА ГІМНАЗІЄЮ ОКНЯНСЬКОЇ СЕЛИЩНОЇ РАДИ ПОДІЛЬСЬКОГО РАЙОНУ ОДЕСЬКОЇ ОБЛАСТІ»,Окнянська селищна рада,2026 STEM,Очно,29.469853,47.539945,UA51120150000080138,Одеська,Дуже високий
15337,Затишанський ліцей Роздільнянського району Одеської області,Затишанська,2026 STEM,Очно,29.870484,47.3323687,UA51140050000054980,Одеська,Високий
15344,"Комунальний опорний заклад ""Захарівський ліцей"" Захарівської  селищної ради Роздільнянського району Одеської області",Захарівська територіальна громада,2026 STEM,Очно,29.7619413156727,47.32474509252795,UA51140070000052649,Одеська,Дуже високий
15373,Кілійський ліцей Кілійської міської ради,Кілійська міська територіальна громада Ізмаїльського району Одеської області,2026 STEM,Очно,29.27339315414429,45.45174687098183,UA51080050000022808,Одеська,Помірний
15252,Біляївський ліцей №1 Біляївської міської ради Одеського району Одеської області імені Володимира Івановича Калмика,Біляївська міська територіальна громада,2026 STEM,Очно,30.20233876451446,46.48129961435341,UA51100030000027628,Одеська,Високий
21460,"Комунальна установа ,,Долинський ліцей Долинської сільської ради Одеської області,,",Долинська сільська територіальна громада,2026 STEM,Очно,29.927724,47.528982,UA51120050000071748,Одеська,Помірний
15055,ОПОРНИЙ ЗАКЛАД ОСВІТИ «БОЛГРАДСЬКИЙ ЛІЦЕЙ» БОЛГРАДСЬКОЇ МІСЬКОЇ РАДИ ОДЕСЬКОЇ ОБЛАСТІ,Болградська міська територіальна громада,2026 STEM,Очно,28.618268,45.68856,UA51060030000044366,Одеська,Помірний
15096,"Комунальний заклад ""Роздільнянський міський ліцей №1 Роздільнянської міської ради Одеської області""",Роздільнянська міська територіальна громада,2026 STEM,Очно,30.078704,46.851666,UA51140130000082333,Одеська,Дуже високий
15258,ОПОРНИЙ ЗАКЛАД ВИГОДЯНСЬКИЙ ЛІЦЕЙ ВИГОДЯНСЬКОЇ СІЛЬСЬКОЇ РАДИ,Вигодянська,2026 STEM,Очно,30.401064,46.617081,UA51100090000094901,Одеська,Високий
15423,Бессарабський ліцей Бессарабської селищної ради Одеської області,Бессарабська,2026 STEM,Очно,29.1464952,46.1891882,UA51060170000068967,Одеська,Помірний
23420,Заклад загальної середньої освіти «Авангардівський ліцей» Авангардівської селищної ради,Авангардівська,2026 STEM,Очно,30.6141402,46.467889,UA51100010000023950,Одеська,Високий
15205,Плахтіївський ліцей Плахтіївської сільської ради Білгород-Дністровського району Одеської області,Плахтіївська громада,2026 STEM,Очно,29.720105,46.094424,UA51040170000036391,Одеська,Помірний
15215,ЛІЦЕЙ №1 БЕРЕЗІВСЬКОЇ МІСЬКОЇ РАДИ ОДЕСЬКОЇ ОБЛАСТІ,Березівська,2026 STEM,Очно,30.89709520339966,47.20123103808118,UA51020030000095942,Одеська,Високий
15127,ТАТАРБУНАРСЬКИЙ ЛІЦЕЙ ТАТАРБУНАРСЬКОЇ МІСЬКОЇ РАДИ,Татарбунарська міська територіальна громада,2026 STEM,Очно,29.613718,45.839952,UA51040250000099866,Одеська,Помірний
14854,Миколаївський ліцей Миколаївської селищної ради Березівського району Одеської області,Миколаївська територіальна громада,2026 STEM,Очно,30.757652521133423,47.54305501917306,UA51020150000090298,Одеська,Високий
15270,НЕРУБАЙСЬКИЙ АКАДЕМІЧНИЙ ЛІЦЕЙ №1 НЕРУБАЙСЬКОЇ СІЛЬСЬКОЇ РАДИ ОДЕСЬКОГО РАЙОНУ ОДЕСЬКОЇ ОБЛАСТІ,Нерубайська ТГ,2026 STEM,Очно,30.630422,46.546694,UA51100230000045500,Одеська,Високий
15346,Любашівський ліцей № 2 Любашівської селищної ради Одеської області,Любашівська селищна територіальна громада,2026 STEM,Очно,30.259265,47.834707,UA51120130000064324,Одеська,Помірний
15272,Троїцький ліцей Яськівської сільської ради Одеського району Одеської області,Яськівська,2026 STEM,Очно,30.017217954067963,46.543657361425446,UA51100430000081326,Одеська,Дуже високий
18620,ЛІЦЕЙ “ФОНТАНСЬКИЙ” ФОНТАНСЬКОЇ СІЛЬСЬКОЇ РАДИ ОДЕСЬКОГО РАЙОНУ ОДЕСЬКОЇ ОБЛАСТІ,Фонтанська територіальна громада,2026 STEM,Очно,30.864972,46.570575,UA51100350000087099,Одеська,Високий
15421,"Опорний заклад Буджацький ліцей з дошкільним відділенням, початковою школою та гімназією Буджацької селищної ради Болградського району Одеської області",Буджацька,2026 STEM,Очно,29.24137879715972,46.30118378870896,UA51060050000061243,Одеська,Помірний
15471,Таїрівський ліцей Таїрівської селищної ради Одеського району Одеської області,Таїрівська селищна територіальна громада,2026 STEM,Очно,30.6490682,46.3630153,UA51100290000027993,Одеська,Високий
18607,ОПОРНИЙ ЗАКЛАД ОСВІТИ «ДО­БРО­СЛАВ­СЬКИЙ ЛІЦЕЙ» ДО­БРО­СЛАВ­СЬКОЇ СЕЛИЩНОЇ РАДИ ОДЕСЬКОГО РАЙОНУ ОДЕСЬКОЇ ОБЛАСТІ,Доброславська,2026 STEM,Очно,30.95260620117188,46.818152969537984,UA51100170000087238,Одеська,Високий
14876,Ліцей №1 Подільської міської ради Подільського району Одеської області,Подільська міська територіальна громада,2026 STEM,Очно,29.545994,47.73632,UA51120190000044451,Одеська,Високий
14877,Ліцей №4 Подільської міської ради Подільського району Одеської області,Подільська міська територіальна громада,2026 STEM,Очно,29.525036,47.756762,UA51120190000044451,Одеська,Високий
2699,Великоплосківський опорний заклад освіти-ліцей Великоплосківської сільської ради Роздільнянського району Одеської області,Великоплосківська ТГ,2026 STEM,Очно,29.670554,47.011506,UA51140030000062458,Одеська,Дуже високий
20230,Сергіївський ліцей Сергіївської сільської ради Полтавської області,Сергіївська,2026 STEM,Очно,33.759425,50.40152,UA53060310000047988,Полтавська,Високий
20239,Розбишівська гімназія Сергіївської сільської ради  Полтавської  області,Сергіївська ТГ,2026 STEM,Очно,33.717734,50.451164,UA53060310000047988,Полтавська,Високий
20315,Опорний заклад «Диканський ліцей імені М.В. Гоголя» Диканської селищної ради Полтавської області,Диканська селищна територіальна громада,2026 STEM,Очно,34.526254,49.827116,UA53080050000011754,Полтавська,Високий
20260,Градизький ліцей імені Героя України Олександра Білаша Градизької селищної ради Кременчуцького району Полтавської області,Градизька селищна територіальна громада,2026 STEM,Очно,33.133057,49.224581,UA53020050000041411,Полтавська,Помірний
20333,Зіньківський опорний ліцей №1 Зіньківської міської ради,Зіньківська,2026 STEM,Очно,34.346285,50.210231,UA53080090000014431,Полтавська,Високий
20675,Опорний заклад «Оржицька загальноосвітня школа І-ІІІ ступенів імені І.Я.Франка Оржицької селищної ради Полтавської області»,Оржицька,2026 STEM,Очно,32.698245,49.793561,UA53040070000083099,Полтавська,Помірний
20717,Ліцей №38 імені Івана Павловського Полтавської міської ради,Полтавська міська територіальна громада,2026 STEM,Очно,34.536135,49.592854,UA53080370000025447,Полтавська,Високий
20801,Семенівський ліцей №1 ім. М.М. Хорунжого Семенівської селищної ради Кременчуцького району Полтавської області,Семенівська селищна територіальна громада,2026 STEM,Очно,33.192435,49.591955,UA53020230000086353,Полтавська,Помірний
20607,Опорний заклад освіти «Миргородський ліцей «Лінгвіст» Миргородської міської ради Полтавської області»,Миргородська міська територіальна громада,2026 STEM,Очно,33.60893812817682,49.96355462878691,UA53060230000098362,Полтавська,Помірний
20516,Лохвицька гімназія №1 Лохвицької міської ради Полтавської області,Лохвицька ТГ,2026 STEM,Очно,33.28715283596533,50.357423480803874,UA53060190000015369,Полтавська,Високий
20443,Котелевський опорний ліцей №2 Котелевської селищної ради на 01.09.2027 року функціонуватиме як «Котелевський ліцей Котелевської селищної ради (академічного спрямування)»,Котелевська селищна територіальна громада,2026 STEM,Очно,34.759376,50.054852,UA53080170000047487,Полтавська,Дуже високий
20225,Гадяцький опорний ліцей імені Лесі Українки Гадяцької міської ради,Гадяцька міська територіальна громада,2026 STEM,Очно,33.9851627,50.3691663,UA53060090000098426,Полтавська,Високий
2536,Опорний заклад «Решетилівський ліцей імені І.Л.Олійника Решетилівської міської ради»,Решетилівська,2026 STEM,Очно,34.07848,49.558564,UA53080390000027656,Полтавська,Помірний
16115,Березнівський ліцей №3 Березнівської міської ради Рівненського району Рівненської області,Березнівська,2026 STEM,Очно,26.759061,51.002134,UA56060030000057923,Рівненська,Помірний
16190,Опорний заклад Демидівський ліцей Демидівської селищної ради Рівненської області,Демидівська,2026 STEM,Очно,25.334966182708744,50.42871146244719,UA56040090000093293,Рівненська,Задовільний
16304,"Опорний заклад ""Зарічненський ліцей №1"" Зарічненської селищної ради Вараського району Рівненської області",Зарічненська селищна територіальна громада,2026 STEM,Очно,26.142915,51.82543,UA56020070000060676,Рівненська,Дуже високий
2617,Володимирецький ліцей «Колегіум» Володимирецької селищної ради,Володимирецька,2026 STEM,Очно,26.129315,51.421254,UA56020050000087443,Рівненська,Високий
16419,Костопільський ліцей № 3 Костопільської міської ради,Костопільська,2026 STEM,Очно,26.454334,50.879802,UA56060350000045909,Рівненська,Помірний
16535,Радивилівський ліцей №2 ім. П. Г. Стрижака Радивилівської міської ради Дубенського району Рівненської області,Радивилівська міська територіальна громада,2026 STEM,Очно,25.260527,50.13598,UA56040290000025511,Рівненська,Задовільний
16485,Острозький ліцей № 1 Острозької міської ради Рівненської області,Острозька міська територіальна громада,2026 STEM,Очно,26.5206579,50.331084,UA56060450000083945,Рівненська,Задовільний
13735,Вирівський ліцей Вирівської сільської ради Сарненського району Рівненської області,Вирівська сільська територіальна громада,2026 STEM,Очно,26.937807,51.240336,UA56080030000069650,Рівненська,Високий
13732,Клесівський ліцей Клесівської селищної ради Сарненського району Рівненської області,Клесівська селищна територіальна громада,2026 STEM,Очно,26.927153,51.330277,UA56080090000098391,Рівненська,Високий
13730,Сарненський районний ліцей «Лідер» Сарненської міської ради Сарненського району  Рівненської області,Сарненська,2026 STEM,Очно,26.631114,51.319769,UA56080170000055864,Рівненська,Високий
16335,Здовбицький ліцей Здовбицької сільської ради Рівненської області,Здовбицька обєднана тертьоріальна громада,2026 STEM,Очно,26.2466465,50.4993946,UA56060230000076543,Рівненська,Задовільний
14332,Буринський міський ліцей №1 імені В.М.Кравченка Буринської міської ради Сумської області,Буринська міська територіальна громада,2026 STEM,Очно,33.835117,51.197608,UA59020030000072865,Сумська,Дуже високий
14577,Ліцей № 3 Охтирської міської ради Сумської області,Охтирська міська територіальна громада,2026 STEM,Очно,34.904445,50.303651,UA59040110000026694,Сумська,Дуже високий
14592,Комишанський ліцей Комишанської сільської ради Охтирського району Сумської області,Комишанська сільська рада,2026 STEM,Очно,34.476299,50.310123,UA59040090000041737,Сумська,Дуже високий
14307,Миколаївський ліцей Миколаївської селищної ради Сумського району Сумської області,Миколаївська селищна територіальна громада,2026 STEM,Очно,34.378813,50.94132,UA59080130000022249,Сумська,Дуже високий
14407,Конотопський ліцей №1 Конотопської міської ради Сумської області,Конотопська міська територіальна громада,2026 STEM,Очно,33.206251,51.245078,UA59020070000032449,Сумська,Високий
14656,Анастасівський ліцей – заклад загальної середньої освіти І-ІІІ ступенів Андріяшівської сільської ради Роменського району Сумської області,Андріяшівська сільська територіальна громада,2026 STEM,Очно,33.550621,50.582507,UA59060010000042952,Сумська,Високий
5409,Ліцей №1 Тростянецької міської ради,Тростянецька МТГ,2026 STEM,Очно,34.953223,50.474387,UA59040130000041676,Сумська,Дуже високий
14546,Липоводолинський ліцей Липоводолинської селищної ради,Липоводолинська,2026 STEM,Очно,33.792870000504635,50.56317680042188,UA59060070000040784,Сумська,Високий
14719,"Комунальна організація (установа, заклад) “Шосткинська спеціалізована школа                     І-ІІІ ступенів №1 Шосткинської міської ради Сумської області”",Шосткинська міська територіальна громада,2026 STEM,Очно,34.793242,50.932,UA59080270000073662,Сумська,Дуже високий
14741,Комунальний заклад Сумський класичний ліцей Сумської міської ради,Сумська міська територіальна громада,2026 STEM,Очно,34.811208,50.912383,UA59080270000073662,Сумська,Дуже високий
17791,Борщівська загальноосвітня школа І-ІІІ ступенів №1 Борщівської міської ради,Борщівська,2026 STEM,Очно,26.032925,48.803362,UA61060050000068464,Тернопільська,Задовільний
18293,Підволочиський ліцей Підволочиської селищної ради Тернопільської області,Підволочиська ТГ,2026 STEM,Очно,26.145326019853737,49.53024322213746,UA61040350000078247,Тернопільська,Задовільний
17911,Ліцей №1 м. Копичинці Копичинецької міської ради Чортківського району Тернопільської області,Копичинецька міська територіальна громада,2026 STEM,Очно,25.907044,49.105922,UA61060250000062700,Тернопільська,Задовільний
18564,Шумський ліцей Шумської міської ради,Шумська міська територіальна громада,2026 STEM,Очно,26.116693,50.118776,UA61020150000036935,Тернопільська,Задовільний
18335,Підгаєцький академічний ліцей Підгаєцької міської ради Тернопільської області,Підгаєцька міська територіальна громада,2026 STEM,Очно,25.1395121,49.2667848,UA61040370000060170,Тернопільська,Задовільний
17958,Заліщицька державна гімназія м.Заліщики Тернопільська обл.,Заліщицька міська територіальна громада,2026 STEM,Очно,25.732144,48.6469318,UA61060170000051011,Тернопільська,Задовільний
18427,ТЕРНОПІЛЬСЬКА СПЕЦІАЛІЗОВАНА ШКОЛА І-ІІІ СТУПЕНІВ №3 З ПОГЛИБЛЕНИМ ВИВЧЕННЯМ ІНОЗЕМНИХ МОВ ТЕРНОПІЛЬСЬКОЇ МІСЬКОЇ РАДИ ТЕРНОПІЛЬСЬКОЇ ОБЛАСТІ,Тернопільська міська територіальна громада,2026 STEM,Очно,25.592061281204224,49.55351670796932,UA61040490000035010,Тернопільська,Високий
18120,Козівський ліцей ім. В. Герети Козівської селищної ради.,Козівська територіальна громада,2026 STEM,Очно,25.153062672925444,49.43587984870364,UA61040230000060213,Тернопільська,Задовільний
17795,"Скала-Подільський навчально-виховний комплекс ""загальноосвітній навчальний заклад І-ІІІ ступенів - дошкільний навчальний заклад"" Скала-Подільської селищної ради Чортківського району Тернопільської області",Скала-Подільська ТГ,2026 STEM,Очно,26.202204,48.850231,UA61060350000024021,Тернопільська,Задовільний
19347,Бережанський ліцей імені Богдана Лепкого Тернопільської обласної ради,Бережанська ТГ,2026 STEM,Очно,24.940565,49.444509,UA61040030000060956,Тернопільська,Задовільний
23610,Комунальний заклад «Пісочинський ліцей «Мобіль» Пісочинської селищної ради Харківського району Харківської області»,Пісочинська селищна територіальна громада,2026 STEM,Очно,36.0897273931644,49.96452498241031,UA63120210000075842,Харківська,Дуже високий
11946,Балаклійський ліцей №1 ім. О.А.Тризни Балаклійської міської ради Харківської області,Балаклійська міська територіальна громада,2026 STEM,Очно,36.836083,49.452533,UA63040010000010092,Харківська,Дуже високий
12143,Комунальний заклад «Дергачівський ліцей № 2» Дергачівської міської ради,Дергачівська,2026 STEM,Очно,36.126908,50.094159,UA63120070000018741,Харківська,Дуже високий
11573,"Комунальний заклад ""Харківський ліцей №162 Харківської міської ради""",Харківська міська територіальна громада,2026 STEM,Очно,36.188496,49.980062,UA63120270000028556,Харківська,Дуже високий
13681,ВАЛКІВСЬКИЙ ЛІЦЕЙ ІМЕНІ ОЛЕКСАНДРА МАСЕЛЬСЬКОГО ВАЛКІВСЬКОЇ МІСЬКОЇ РАДИ БОГОДУХІВСЬКОГО РАЙОНУ ХАРКІВСЬКОЇ ОБЛАСТІ,Валківська,2026 STEM,Очно,35.622764,49.840642,UA63020030000094096,Харківська,Дуже високий
13673,"Комунальний заклад ""Чугуївський ліцей №2"" Чугуївської міської ради Харківської області",Чугуївська міська територіальна громада,2026 STEM,Очно,36.694562,49.833699,UA63140170000087785,Харківська,Дуже високий
9089,Дунаєвецький ліцей №1 Дунаєвецької міської ради Хмельницької області,Дунаєвецька міська,2026 STEM,Очно,26.84979,48.887536,UA68020050000040518,Хмельницька,Задовільний
9344,Опорний заклад освіти Полонський ліцей №4 Полонської міської ради Полонської міської територіальної громади Хмельницької області,Полонська міська,2026 STEM,Очно,27.483111619512787,50.12109860994655,UA68060210000095851,Хмельницька,Задовільний
8956,Віньковецький ліцей Віньковецької селищної ради Хмельницької області,Віньковецька  територіальна громада,2026 STEM,Очно,27.237124443054203,49.03576491526949,UA68040050000052367,Хмельницька,Задовільний
8874,Кам'янець-Подільський ліцей №17 Кам'янець-Подільської міської рада Хмельницької області,Кам’янець-Подільська,2026 STEM,Очно,26.569875,48.704231,UA68020110000071202,Хмельницька,Помірний
8980,Волочиський ліцей імені Героя України Максима Отінова Волочиської міської ради Хмельницького району Хмельницької області,Волочиська міська територіальна громада,2026 STEM,Очно,26.20749235172298,49.53962217588386,UA68040090000087566,Хмельницька,Задовільний
9511,Теофіпольський ліцей №3 Теофіпольської селищної ради Хмельницького району Хмельницької області,Теофіпольська селищна територіальна громада,2026 STEM,Очно,26.406023,49.83761,UA68040450000097735,Хмельницька,Задовільний
9696,Скаржинецький ліцей Розсошанської сільської ради,Розсошанська сільська рада,2026 STEM,Очно,26.92851,49.318689,UA68040330000086970,Хмельницька,Задовільний
8918,Білогірський ліцей ім.І.О.Ткачука Білогірської селищної ради Шепетівського району Хмельницької області,Білогірська ТГ,2026 STEM,Очно,26.412284,50.001143,UA68060030000077318,Хмельницька,Задовільний
9185,Староушицький ліцей Староушицької селищної ради Кам'янець-Подільського району Хмельницької області,Староушицька ТГ,2026 STEM,Очно,27.07466840744019,48.591951525583696,UA68020270000040572,Хмельницька,Задовільний
9686,Ярмолинецький ліцей №1імені Сергія Слободяна Ярмолинецької селищної ради Хмельницької області,Ярмолинецька територіальна громада,2026 STEM,Очно,26.834645,49.188636,UA68040530000044109,Хмельницька,Задовільний
8932,Ямпільський ліцей Ямпільської селищної ради Шепетівського району Хмельницької області,Ямпільська ТГ,2026 STEM,Очно,26.23500721683854,49.95855071644069,UA68060350000035460,Хмельницька,Задовільний
8908,ЛІЦЕЙ №1 ІМ. ГЕРОЯ УКРАЇНИ М. ДЗЯВУЛЬСЬКОГО ШЕПЕТІВСЬКОЇ МІСЬКОЇ РАДИ ХМЕЛЬНИЦЬКОЇ ОБЛАСТІ,Шепетівська міська територіальна громада,2026 STEM,Очно,27.058703,50.18479,UA68060330000029010,Хмельницька,Помірний
9732,Комунальний заклад загальної середньої освіти «Ліцей № 1 імені Володимира Красицького Хмельницької міської ради»,Хмельницька міська територіальна громада,2026 STEM,Очно,26.990449,49.426629,UA68040470000053519,Хмельницька,Високий
8902,Старокостянтинівський ліцей ім. Героя України С. М. Бондарчука Старокостянтинівської міської ради,Старокостянтинівська,2026 STEM,Очно,27.186641,49.755951,UA68040390000011141,Хмельницька,Задовільний
8880,Нетішинський академічний ліцей Нетішинської міської ради Шепетівського району Хмельницької області,Нетішинська,2026 STEM,Очно,26.654039,50.332519,UA68060170000075276,Хмельницька,Помірний
4291,Ліцей «Успіх» Монастирищенської міської ради Черкаської області,Монастирищенська міська територіальна громада,2026 STEM,Очно,29.810126,48.996572,UA71060170000092613,Черкаська,Задовільний
4063,"Навчально-виховний комплекс ""Ліцей-загальноосвітня школа І-ІІІ ступенів ""Лідер"" Смілянської міської ради Черкаської області",Смілянська міська територіальна громада,2026 STEM,Очно,31.88507111122876,49.23143586425507,UA71080390000078978,Черкаська,Помірний
4005,Шполянський ліцей	 №3 Шполянської міської ради об’єднаної територіальної громади Черкаської області,Шполянська міська територіальна громада,2026 STEM,Очно,31.388669414109422,49.00383577058281,UA71020330000027449,Черкаська,Помірний
4026,Руськополянський заклад загальної середньої освіти І-ІІІ ступенів №1 Руськополянської сільської ради,Руськополянська сільська територіальна громада,2026 STEM,Очно,31.916837,49.418753,UA71080350000033809,Черкаська,Помірний
4993,Уманський ліцей №1 Уманської міської ради Черкаської області,Уманська міська ТГ,2026 STEM,Очно,30.236188397506165,48.77024112971023,UA71060210000032972,Черкаська,Високий
5563,"опорний заклад-""Вікнянський заклад загальної середньої освіти І-ІІІ ступенів Вікнянської сільської ради Чернівецького району Чернівецької області""",Вікнянська територіальна громада Чернівецького району Чернівецької області,2026 STEM,Очно,25.973098,48.56989,UA73060090000047054,Чернівецька,Задовільний
5675,"""Опорний заклад освіти — Шировецький ліцей"" Недобоївської сільської ради Дністровського району Чернівецької області",Недобоївська ТГ,2026 STEM,Очно,26.2978669,48.42572790000001,UA73040110000040354,Чернівецька,Задовільний
5673,«Опорний заклад освіти – Колінковецький ліцей Топорівської сільської ради Чернівецького району Чернівецької області»,Топорівська ТГ,2026 STEM,Очно,26.13015532493592,48.41038850323827,UA73060570000058573,Чернівецька,Задовільний
5771,Опорний заклад Сторожинецький ліцей Сторожинецької міської ради Чернівецького району Чернівецької області,Сторожинецька міська територіальна громада Чернівецького району Чернівецької області,2026 STEM,Очно,25.719503,48.165632,UA73060490000033679,Чернівецька,Задовільний
5672,Берегометський ліцей №1 Берегометської селищної ради Вижницького району Чернівецької області,Берегометська селищна рада Вижницького району Чернівецької області,2026 STEM,Очно,25.3226398,48.1710964,UA73020030000022011,Чернівецька,Задовільний
5815,Хотинський опорний академічний ліцей Хотинської міської ради Чернівецької області,Хотинська міська територіальна громада,2026 STEM,Очно,26.489638,48.507259,UA73040190000062796,Чернівецька,Задовільний
5813,Комунальний заклад Кам’янський ліцей Кам’янецької сільської ради Чернівецького району Чернівецької області.,Кам'янецька,2026 STEM,Очно,25.9001233,48.0287002,UA73060230000024500,Чернівецька,Задовільний
5705,Неполоковецький ліцей Неполоковецької селищної ради Чернівецького району Чернівецької області,Неполоковецька територіальна громада,2026 STEM,Очно,25.652219,48.399496,UA73060390000017602,Чернівецька,Задовільний
5685,Клішковецький опорний заклад освіти імені Леоніда Каденюка Клішковецької сільської ради Дністровського району Чернівецької області,Клішковецька ТГ,2026 STEM,Очно,26.262256,48.433276,UA73040050000080963,Чернівецька,Задовільний
5965,Чернівецький ліцей №1 математичного та економічного профілів Чернівецької міської ради,Чернівецька,2026 STEM,Очно,25.931344,48.292516,UA73060610000066784,Чернівецька,Задовільний
5648,Опорний заклад «Довгопільський ліцей» Конятинської сільської ради,Конятинська,2026 STEM,Очно,25.0042113,48.0628462,UA73020110000071923,Чернівецька,Задовільний
5853,Молодійський ліцей,Чагорська територіальна громада,2026 STEM,Очно,26.02564,48.22541,UA73060590000095243,Чернівецька,Задовільний
5590,Новодністровський заклад загальної средньої освіти ІІ-ІІІ ступенів Новодністровської міської ради Чернівецької області,Новодністровська,2026 STEM,Очно,27.4313777,48.5824459,UA73040130000087963,Чернівецька,Помірний
5441,Опорний заклад «Романковецький ліцей імені академіка К.Ф. Поповича Сокирянської міської ради Дністровського району Чернівецької області»,Сокирянська міська територіальна громада,2026 STEM,Очно,27.21209,48.483586,UA73040170000011490,Чернівецька,Задовільний
20942,"Комунальний заклад загальної середньої освіти І-ІІІ ступенів ""Варвинський ліцей №2"" Варвинської селищної ради Прилуцького району Чернігівської області",Варвинська,2026 STEM,Очно,32.7157657,50.4924292,UA74080010000063011,Чернігівська,Помірний
21373,Сновський ліцей №1 Сновської міської ради Корюківського району Чернігівської області,Сновська міська територіальна громада,2026 STEM,Очно,31.948718,51.817988,UA74020050000033944,Чернігівська,Непереборний
21241,Сосницький ліцей імені О.П.Довженка Сосницької селищної ради Чернігівської області,Сосницька територіальна громада,2026 STEM,Очно,32.51094818115235,51.52292342317688,UA74020070000037186,Чернігівська,Дуже високий
20881,Бахмацький ліцей №1 Бахмацької міської ради,Бахмацька,2026 STEM,Очно,32.824072,51.179984,UA74040030000093042,Чернігівська,Високий
22510,Чернігівський ліцей з посиленою військово-фізичною підготовкою,Чернігівська ТГ,2026 STEM,Очно,31.287531,51.522288,UA74100390000073425,Чернігівська,Високий
21274,Талалаївський ліцей Талалаївської селищної ради Прилуцького району Чернігівської області,Талалаївська селищна територіальна громада,2026 STEM,Очно,33.1402908,50.847679,UA74080190000091939,Чернігівська,Високий
21196,Линовицький ліцей Линовицької селищної ради,Линовицька,2026 STEM,Очно,32.39361033414753,50.46564966719609,UA74080070000022285,Чернігівська,Помірний
21298,ЧЕРНІГІВСЬКИЙ ЛІЦЕЙ № 12 ЧЕРНІГІВСЬКОЇ МІСЬКОЇ РАДИ,Чернігівська міська територіальна громада,2026 STEM,Очно,31.325961,51.517794,UA74100390000073425,Чернігівська,Високий
20913,Бобровицький ліцей Бобровицької міської ради Чернігівської області,Бобровицька міська територіальна громада,2026 STEM,Очно,31.382582,50.747828,UA74040050000013413,Чернігівська,Помірний
21139,Новгород-Сіверський ліцей №1 Новгород-Сіверської міської ради Чернігівської області,Новгород-Сіверська міська територіальна громада Чернігівської області,2026 STEM,Очно,33.27233076095582,52.00198054822398,UA74060030000026607,Чернігівська,Непереборний